y_true,Logistic_Regression,Random_Forest,LightGBM,XGBoost,CatBoost,SimpleNeuralNetwork,Stacking,BlendModel
1,0.555,0.673,0.953,0.853,0.914,0,0.78,0.658
0,0.434,0.113,0.03,0.021,0.011,0,0.03,0.101
0,0.123,0.085,0.08,0.021,0.065,0,0.01,0.062
1,0.552,0.442,0.62,0.205,0.464,0,0.38,0.381
0,0.663,0.74,0.839,0.489,0.874,0,0.67,0.601
0,0.183,0.067,0.045,0.028,0.011,0,0.02,0.056
1,0.715,0.688,0.697,0.472,0.889,0,0.52,0.577
0,0.443,0.088,0.061,0.046,0.033,0,0.05,0.112
0,0.431,0.462,0.461,0.169,0.483,0,0.12,0.335
1,0.699,0.688,0.791,0.46,0.843,0,0.5,0.58
0,0.567,0.477,0.388,0.169,0.345,0,0.22,0.324
0,0.511,0.216,0.156,0.046,0.24,0,0.02,0.195
0,0.464,0.276,0.365,0.062,0.108,0,0.12,0.212
1,0.39,0.797,0.979,0.852,0.952,0,0.76,0.662
0,0.466,0.113,0.066,0.029,0.046,0,0.0,0.12
0,0.107,0.051,0.013,0.013,0.009,0,0.0,0.032
0,0.319,0.134,0.038,0.018,0.003,0,0.0,0.085
1,0.786,0.304,0.326,0.104,0.156,0,0.13,0.279
1,0.506,0.393,0.238,0.167,0.504,0,0.22,0.301
0,0.397,0.285,0.366,0.154,0.223,0,0.16,0.237
0,0.238,0.188,0.109,0.062,0.075,0,0.04,0.112
1,0.253,0.086,0.045,0.023,0.009,0,0.0,0.069
0,0.395,0.191,0.047,0.076,0.146,0,0.06,0.142
1,0.643,0.536,0.775,0.261,0.702,0,0.33,0.486
1,0.558,0.589,0.37,0.144,0.553,0,0.11,0.369
0,0.207,0.153,0.063,0.075,0.016,0,0.04,0.086
1,0.794,0.656,0.909,0.748,0.8,0,0.67,0.651
0,0.455,0.476,0.404,0.19,0.318,0,0.19,0.307
1,0.651,0.861,0.959,0.84,0.989,0,0.7,0.716
0,0.158,0.256,0.138,0.038,0.253,0,0.03,0.141
0,0.147,0.107,0.087,0.06,0.051,0,0.03,0.075
0,0.394,0.097,0.045,0.027,0.038,0,0.05,0.1
1,0.701,0.856,0.915,0.922,0.958,0,0.84,0.725
0,0.238,0.086,0.045,0.021,0.048,0,0.0,0.073
1,0.751,0.717,0.871,0.699,0.895,0,0.45,0.655
0,0.231,0.106,0.035,0.035,0.037,0,0.01,0.074
0,0.193,0.107,0.05,0.049,0.008,0,0.02,0.068
0,0.497,0.398,0.169,0.296,0.294,0,0.27,0.276
0,0.824,0.42,0.284,0.175,0.166,0,0.05,0.311
1,0.568,0.239,0.159,0.068,0.217,0,0.04,0.208
0,0.358,0.45,0.172,0.117,0.15,0,0.06,0.208
0,0.274,0.22,0.348,0.1,0.187,0,0.07,0.188
0,0.403,0.234,0.265,0.085,0.178,0,0.2,0.194
1,0.587,0.767,0.823,0.523,0.865,0,0.82,0.594
1,0.477,0.606,0.843,0.389,0.751,0,0.43,0.511
0,0.147,0.301,0.414,0.115,0.162,0,0.11,0.19
0,0.184,0.282,0.207,0.139,0.232,0,0.15,0.174
0,0.386,0.109,0.043,0.025,0.017,0,0.0,0.097
0,0.4,0.177,0.058,0.056,0.071,0,0.12,0.127
0,0.626,0.123,0.043,0.042,0.03,0,0.0,0.144
0,0.241,0.145,0.072,0.066,0.094,0,0.02,0.103
0,0.379,0.187,0.056,0.077,0.029,0,0.12,0.121
0,0.331,0.087,0.035,0.016,0.022,0,0.0,0.082
0,0.237,0.069,0.035,0.012,0.016,0,0.0,0.061
0,0.737,0.546,0.915,0.751,0.578,0,0.63,0.588
1,0.529,0.705,0.837,0.623,0.676,0,0.49,0.562
0,0.143,0.236,0.384,0.107,0.318,0,0.09,0.198
0,0.453,0.193,0.09,0.097,0.078,0,0.05,0.152
0,0.48,0.246,0.165,0.059,0.065,0,0.07,0.169
0,0.606,0.365,0.253,0.096,0.387,0,0.12,0.284
0,0.195,0.058,0.053,0.025,0.016,0,0.0,0.058
0,0.252,0.167,0.029,0.057,0.057,0,0.08,0.094
0,0.146,0.061,0.018,0.012,0.01,0,0.0,0.041
0,0.312,0.069,0.032,0.014,0.011,0,0.0,0.073
0,0.582,0.153,0.032,0.033,0.035,0,0.0,0.139
1,0.674,0.797,0.826,0.647,0.832,0,0.79,0.629
0,0.263,0.429,0.392,0.285,0.688,0,0.12,0.343
0,0.247,0.166,0.183,0.057,0.084,0,0.06,0.123
1,0.483,0.339,0.542,0.221,0.436,0,0.19,0.337
0,0.353,0.089,0.055,0.034,0.055,0,0.01,0.098
0,0.32,0.092,0.032,0.018,0.033,0,0.0,0.082
0,0.216,0.095,0.019,0.029,0.021,0,0.05,0.063
0,0.374,0.295,0.369,0.074,0.291,0,0.27,0.234
0,0.576,0.353,0.151,0.142,0.243,0,0.13,0.244
1,0.333,0.195,0.445,0.049,0.04,0,0.09,0.177
1,0.755,0.701,0.833,0.558,0.894,0,0.49,0.623
1,0.576,0.256,0.274,0.11,0.071,0,0.04,0.214
0,0.799,0.48,0.565,0.377,0.249,0,0.16,0.412
0,0.52,0.374,0.547,0.182,0.354,0,0.29,0.329
0,0.534,0.42,0.549,0.238,0.539,0,0.4,0.38
0,0.257,0.323,0.44,0.265,0.329,0,0.13,0.269
0,0.946,0.33,0.029,0.211,0.154,0,0.06,0.278
0,0.317,0.424,0.621,0.441,0.533,0,0.38,0.389
0,0.538,0.27,0.176,0.056,0.248,0,0.15,0.215
1,0.396,0.135,0.019,0.019,0.017,0,0.12,0.098
0,0.179,0.227,0.125,0.044,0.146,0,0.06,0.12
0,0.302,0.135,0.078,0.061,0.126,0,0.0,0.117
0,0.168,0.078,0.095,0.016,0.016,0,0.0,0.062
1,0.945,0.881,0.959,0.88,0.986,0,0.54,0.775
0,0.637,0.468,0.433,0.086,0.427,0,0.13,0.342
0,0.497,0.153,0.055,0.03,0.071,0,0.13,0.134
0,0.301,0.317,0.484,0.184,0.314,0,0.19,0.267
1,0.641,0.753,0.651,0.571,0.65,0,0.27,0.544
0,0.3,0.242,0.17,0.101,0.099,0,0.05,0.152
1,0.546,0.423,0.644,0.184,0.504,0,0.41,0.384
0,0.778,0.388,0.161,0.31,0.393,0,0.2,0.338
1,0.274,0.167,0.143,0.066,0.044,0,0.13,0.116
0,0.21,0.075,0.01,0.029,0.015,0,0.01,0.056
0,0.432,0.476,0.828,0.245,0.838,0,0.38,0.47
0,0.218,0.345,0.467,0.151,0.44,0,0.2,0.27
0,0.222,0.172,0.157,0.092,0.098,0,0.03,0.123
0,0.313,0.554,0.892,0.605,0.767,0,0.53,0.522
1,0.78,0.64,0.887,0.666,0.758,0,0.63,0.622
1,0.573,0.314,0.139,0.106,0.393,0,0.09,0.254
0,0.466,0.192,0.135,0.1,0.257,0,0.11,0.192
1,0.674,0.681,0.64,0.603,0.918,0,0.22,0.586
0,0.299,0.09,0.072,0.031,0.01,0,0.05,0.084
0,0.717,0.32,0.254,0.082,0.309,0,0.12,0.28
0,0.583,0.487,0.357,0.196,0.53,0,0.25,0.359
0,0.193,0.068,0.018,0.012,0.009,0,0.02,0.05
1,0.755,0.863,0.964,0.874,0.982,0,0.93,0.74
1,0.472,0.766,0.971,0.861,0.951,0,0.82,0.67
0,0.624,0.233,0.102,0.04,0.11,0,0.09,0.185
0,0.429,0.39,0.328,0.15,0.46,0,0.03,0.293
0,0.664,0.356,0.419,0.073,0.185,0,0.23,0.283
0,0.384,0.331,0.573,0.174,0.411,0,0.26,0.312
0,0.142,0.086,0.019,0.034,0.048,0,0.01,0.055
1,0.282,0.16,0.177,0.064,0.053,0,0.03,0.122
0,0.291,0.618,0.787,0.375,0.604,0,0.46,0.446
1,0.355,0.816,0.978,0.82,0.949,0,0.64,0.653
0,0.184,0.177,0.205,0.079,0.103,0,0.24,0.125
0,0.124,0.239,0.204,0.052,0.195,0,0.1,0.136
0,0.882,0.936,0.94,0.9,0.961,0,0.54,0.77
0,0.209,0.196,0.106,0.031,0.16,0,0.09,0.117
0,0.197,0.081,0.026,0.019,0.013,0,0.0,0.056
0,0.427,0.639,0.843,0.649,0.873,0,0.45,0.572
0,0.177,0.101,0.072,0.033,0.031,0,0.03,0.069
0,0.234,0.235,0.323,0.077,0.102,0,0.22,0.162
0,0.595,0.444,0.527,0.204,0.378,0,0.24,0.358
0,0.126,0.069,0.056,0.024,0.013,0,0.0,0.048
0,0.304,0.198,0.095,0.044,0.053,0,0.07,0.116
0,0.144,0.051,0.016,0.011,0.013,0,0.0,0.039
0,0.117,0.044,0.019,0.02,0.006,0,0.0,0.034
0,0.247,0.159,0.036,0.028,0.095,0,0.07,0.094
0,0.184,0.098,0.027,0.028,0.009,0,0.02,0.058
0,0.564,0.227,0.504,0.093,0.315,0,0.1,0.284
1,0.542,0.748,0.894,0.493,0.842,0,0.58,0.586
1,0.572,0.596,0.587,0.241,0.279,0,0.23,0.379
0,0.512,0.423,0.393,0.178,0.619,0,0.45,0.354
1,0.686,0.325,0.219,0.059,0.225,0,0.25,0.252
0,0.574,0.585,0.815,0.356,0.628,0,0.51,0.493
1,0.641,0.734,0.965,0.922,0.846,0,0.84,0.685
0,0.475,0.171,0.066,0.085,0.12,0,0.04,0.153
0,0.583,0.34,0.373,0.086,0.129,0,0.18,0.252
0,0.399,0.568,0.841,0.442,0.738,0,0.72,0.498
1,0.722,0.483,0.334,0.398,0.67,0,0.21,0.435
0,0.19,0.066,0.023,0.022,0.018,0,0.01,0.053
0,0.765,0.201,0.193,0.049,0.135,0,0.07,0.224
0,0.235,0.224,0.184,0.067,0.167,0,0.09,0.146
0,0.503,0.211,0.083,0.038,0.063,0,0.01,0.15
0,0.352,0.115,0.098,0.028,0.045,0,0.0,0.106
0,0.154,0.212,0.039,0.07,0.064,0,0.09,0.09
0,0.576,0.519,0.586,0.21,0.24,0,0.37,0.355
0,0.596,0.198,0.211,0.087,0.146,0,0.17,0.206
1,0.517,0.298,0.23,0.093,0.164,0,0.16,0.217
1,0.477,0.784,0.98,0.921,0.947,0,0.93,0.685
1,0.793,0.292,0.204,0.19,0.189,0,0.09,0.278
0,0.322,0.225,0.145,0.056,0.086,0,0.03,0.139
0,0.138,0.037,0.027,0.016,0.005,0,0.0,0.037
0,0.176,0.097,0.069,0.026,0.057,0,0.04,0.071
0,0.85,0.896,0.941,0.848,0.946,0,0.97,0.747
0,0.408,0.225,0.105,0.043,0.148,0,0.04,0.155
0,0.279,0.12,0.08,0.018,0.073,0,0.03,0.095
1,0.805,0.654,0.766,0.386,0.682,0,0.64,0.549
0,0.139,0.207,0.241,0.108,0.123,0,0.17,0.136
0,0.585,0.234,0.158,0.059,0.108,0,0.18,0.191
0,0.403,0.176,0.058,0.048,0.116,0,0.13,0.134
0,0.231,0.062,0.022,0.019,0.028,0,0.0,0.06
0,0.406,0.239,0.282,0.088,0.102,0,0.07,0.186
0,0.461,0.393,0.578,0.239,0.176,0,0.16,0.308
0,0.504,0.507,0.551,0.275,0.355,0,0.26,0.365
0,0.298,0.104,0.079,0.047,0.038,0,0.01,0.094
0,0.216,0.17,0.038,0.015,0.059,0,0.04,0.083
0,0.422,0.317,0.122,0.082,0.177,0,0.12,0.187
0,0.234,0.112,0.124,0.037,0.066,0,0.04,0.095
0,0.497,0.264,0.174,0.087,0.137,0,0.03,0.193
0,0.089,0.061,0.019,0.014,0.008,0,0.02,0.032
0,0.253,0.128,0.037,0.033,0.03,0,0.0,0.08
1,0.678,0.3,0.358,0.083,0.217,0,0.36,0.272
1,0.614,0.507,0.361,0.266,0.196,0,0.3,0.324
0,0.426,0.319,0.208,0.082,0.149,0,0.02,0.197
0,0.534,0.633,0.678,0.338,0.876,0,0.19,0.51
0,0.274,0.138,0.155,0.033,0.047,0,0.0,0.108
0,0.207,0.166,0.146,0.069,0.107,0,0.06,0.116
0,0.456,0.593,0.739,0.24,0.691,0,0.47,0.453
0,0.436,0.448,0.325,0.201,0.392,0,0.2,0.3
0,0.36,0.1,0.052,0.027,0.041,0,0.0,0.097
0,0.6,0.576,0.761,0.285,0.722,0,0.43,0.491
1,0.719,0.796,0.883,0.48,0.888,0,0.65,0.628
0,0.53,0.496,0.794,0.4,0.757,0,0.5,0.496
0,0.551,0.466,0.398,0.194,0.247,0,0.19,0.309
0,0.678,0.645,0.665,0.291,0.563,0,0.51,0.474
0,0.403,0.358,0.228,0.187,0.153,0,0.07,0.222
0,0.441,0.099,0.02,0.027,0.046,0,0.02,0.106
0,0.421,0.274,0.297,0.072,0.095,0,0.04,0.193
0,0.558,0.541,0.608,0.371,0.444,0,0.48,0.42
0,0.345,0.155,0.353,0.103,0.252,0,0.1,0.201
0,0.34,0.241,0.289,0.1,0.128,0,0.17,0.183
0,0.745,0.774,0.822,0.59,0.742,0,0.49,0.612
0,0.645,0.485,0.419,0.181,0.394,0,0.21,0.354
0,0.785,0.345,0.345,0.23,0.184,0,0.06,0.315
0,0.281,0.075,0.031,0.022,0.007,0,0.02,0.069
0,0.429,0.246,0.17,0.135,0.237,0,0.12,0.203
0,0.4,0.354,0.413,0.104,0.157,0,0.12,0.238
0,0.521,0.399,0.299,0.218,0.142,0,0.14,0.263
0,0.359,0.191,0.145,0.033,0.015,0,0.02,0.124
0,0.383,0.068,0.047,0.021,0.006,0,0.04,0.088
0,0.521,0.268,0.43,0.082,0.209,0,0.06,0.252
1,0.537,0.678,0.28,0.35,0.726,0,0.17,0.428
0,0.275,0.275,0.29,0.142,0.093,0,0.27,0.179
0,0.14,0.123,0.029,0.02,0.007,0,0.02,0.053
0,0.307,0.234,0.055,0.054,0.118,0,0.13,0.128
0,0.341,0.236,0.166,0.164,0.319,0,0.15,0.204
1,0.684,0.858,0.911,0.67,0.942,0,0.63,0.677
1,0.668,0.66,0.817,0.428,0.713,0,0.69,0.548
0,0.128,0.238,0.16,0.042,0.236,0,0.01,0.134
0,0.301,0.081,0.068,0.019,0.031,0,0.0,0.083
0,0.507,0.123,0.026,0.036,0.018,0,0.03,0.118
0,0.781,0.756,0.916,0.76,0.811,0,0.89,0.67
0,0.188,0.111,0.048,0.047,0.034,0,0.01,0.071
0,0.095,0.064,0.039,0.015,0.014,0,0.0,0.038
1,0.727,0.878,0.968,0.904,0.984,0,1.0,0.744
0,0.552,0.557,0.798,0.49,0.728,0,0.43,0.521
0,0.379,0.105,0.052,0.03,0.061,0,0.01,0.104
1,0.349,0.872,0.959,0.892,0.968,0,0.83,0.673
0,0.48,0.292,0.195,0.067,0.136,0,0.08,0.195
0,0.225,0.118,0.084,0.047,0.032,0,0.03,0.084
1,0.508,0.844,0.937,0.869,0.958,0,0.79,0.686
0,0.377,0.255,0.077,0.107,0.044,0,0.15,0.143
0,0.259,0.096,0.039,0.02,0.044,0,0.0,0.076
1,0.645,0.48,0.725,0.311,0.574,0,0.27,0.456
0,0.858,0.789,0.82,0.63,0.86,0,0.79,0.659
0,0.479,0.331,0.423,0.105,0.538,0,0.28,0.313
0,0.067,0.055,0.049,0.011,0.011,0,0.01,0.032
0,0.297,0.293,0.101,0.172,0.2,0,0.05,0.177
0,0.377,0.224,0.129,0.036,0.099,0,0.11,0.144
1,0.831,0.877,0.809,0.759,0.861,0,0.59,0.69
0,0.388,0.078,0.042,0.021,0.016,0,0.01,0.091
0,0.334,0.216,0.016,0.06,0.03,0,0.05,0.109
0,0.302,0.108,0.039,0.019,0.035,0,0.0,0.084
1,0.669,0.643,0.769,0.474,0.851,0,0.45,0.568
0,0.626,0.448,0.276,0.168,0.401,0,0.43,0.32
0,0.293,0.081,0.049,0.015,0.023,0,0.0,0.077
0,0.141,0.068,0.022,0.019,0.012,0,0.01,0.044
0,0.587,0.163,0.138,0.032,0.059,0,0.06,0.163
0,0.784,0.91,0.921,0.724,0.968,0,0.77,0.718
0,0.301,0.128,0.359,0.055,0.124,0,0.03,0.161
0,0.245,0.089,0.064,0.015,0.008,0,0.01,0.07
0,0.27,0.153,0.09,0.047,0.014,0,0.05,0.096
0,0.221,0.064,0.028,0.007,0.009,0,0.0,0.055
1,0.464,0.206,0.075,0.034,0.046,0,0.11,0.137
0,0.109,0.099,0.061,0.018,0.051,0,0.04,0.056
1,0.254,0.372,0.356,0.151,0.632,0,0.02,0.294
0,0.758,0.785,0.843,0.769,0.912,0,0.81,0.678
0,0.781,0.449,0.625,0.17,0.385,0,0.16,0.402
0,0.389,0.18,0.123,0.036,0.077,0,0.03,0.134
0,0.354,0.161,0.037,0.075,0.106,0,0.03,0.122
0,0.822,0.33,0.334,0.151,0.339,0,0.17,0.329
0,0.835,0.645,0.748,0.452,0.6,0,0.53,0.547
0,0.22,0.065,0.074,0.015,0.044,0,0.0,0.07
0,0.141,0.151,0.132,0.053,0.04,0,0.07,0.086
0,0.287,0.411,0.418,0.126,0.418,0,0.13,0.277
1,0.664,0.623,0.655,0.671,0.518,0,0.4,0.522
0,0.584,0.247,0.171,0.04,0.125,0,0.14,0.194
0,0.168,0.171,0.07,0.052,0.06,0,0.09,0.087
0,0.415,0.422,0.182,0.181,0.11,0,0.04,0.218
0,0.484,0.514,0.742,0.394,0.687,0,0.45,0.47
0,0.765,0.22,0.233,0.067,0.069,0,0.05,0.226
0,0.09,0.056,0.047,0.012,0.009,0,0.0,0.036
0,0.504,0.368,0.286,0.148,0.439,0,0.21,0.291
0,0.523,0.572,0.639,0.222,0.489,0,0.19,0.407
0,0.139,0.09,0.042,0.035,0.014,0,0.05,0.053
0,0.547,0.424,0.487,0.199,0.358,0,0.27,0.336
0,0.162,0.083,0.012,0.016,0.011,0,0.01,0.047
0,0.207,0.178,0.093,0.062,0.068,0,0.12,0.101
0,0.385,0.107,0.058,0.019,0.022,0,0.0,0.098
0,0.173,0.125,0.017,0.019,0.015,0,0.01,0.058
0,0.345,0.243,0.053,0.084,0.087,0,0.04,0.135
1,0.681,0.613,0.678,0.426,0.898,0,0.25,0.549
1,0.885,0.736,0.8,0.632,0.85,0,0.69,0.65
0,0.597,0.246,0.157,0.101,0.233,0,0.1,0.222
0,0.193,0.082,0.025,0.021,0.015,0,0.02,0.056
0,0.174,0.123,0.073,0.042,0.015,0,0.0,0.071
1,0.631,0.73,0.697,0.457,0.686,0,0.33,0.533
1,0.461,0.531,0.774,0.513,0.772,0,0.66,0.508
0,0.267,0.226,0.033,0.077,0.062,0,0.08,0.111
0,0.139,0.056,0.014,0.011,0.004,0,0.01,0.037
0,0.64,0.744,0.639,0.418,0.813,0,0.47,0.542
1,0.853,0.918,0.882,0.868,0.975,0,0.95,0.749
0,0.2,0.128,0.066,0.053,0.038,0,0.02,0.081
0,0.586,0.36,0.248,0.087,0.151,0,0.16,0.239
0,0.171,0.206,0.128,0.09,0.068,0,0.04,0.111
1,0.713,0.776,0.83,0.568,0.753,0,0.51,0.607
0,0.346,0.219,0.133,0.063,0.158,0,0.09,0.153
0,0.715,0.249,0.07,0.079,0.119,0,0.11,0.205
1,0.402,0.354,0.317,0.223,0.16,0,0.08,0.243
0,0.545,0.417,0.302,0.207,0.137,0,0.12,0.268
1,0.447,0.496,0.541,0.329,0.771,0,0.23,0.431
0,0.367,0.075,0.033,0.025,0.034,0,0.01,0.089
0,0.38,0.324,0.423,0.156,0.267,0,0.28,0.258
0,0.492,0.222,0.07,0.03,0.078,0,0.04,0.149
0,0.444,0.347,0.2,0.073,0.363,0,0.15,0.238
1,0.928,0.937,0.977,0.926,0.992,0,0.94,0.793
0,0.536,0.685,0.659,0.392,0.738,0,0.52,0.502
0,0.203,0.245,0.104,0.063,0.147,0,0.04,0.127
0,0.644,0.366,0.347,0.109,0.259,0,0.13,0.288
0,0.762,0.36,0.292,0.151,0.169,0,0.12,0.289
0,0.476,0.681,0.788,0.372,0.663,0,0.34,0.497
0,0.345,0.147,0.058,0.027,0.063,0,0.02,0.107
0,0.71,0.222,0.112,0.056,0.092,0,0.07,0.199
1,0.639,0.866,0.955,0.791,0.962,0,0.5,0.702
1,0.683,0.791,0.753,0.549,0.784,0,0.36,0.593
1,0.815,0.717,0.878,0.672,0.843,0,0.7,0.654
0,0.822,0.845,0.826,0.624,0.907,0,0.55,0.671
0,0.432,0.242,0.146,0.165,0.37,0,0.08,0.226
0,0.203,0.169,0.174,0.027,0.137,0,0.04,0.118
0,0.503,0.17,0.05,0.032,0.043,0,0.14,0.133
0,0.457,0.271,0.127,0.047,0.312,0,0.1,0.202
0,0.245,0.11,0.033,0.022,0.039,0,0.0,0.075
1,0.68,0.754,0.83,0.535,0.732,0,0.66,0.589
0,0.459,0.382,0.373,0.262,0.426,0,0.23,0.317
0,0.166,0.077,0.03,0.033,0.041,0,0.0,0.058
0,0.458,0.351,0.423,0.278,0.183,0,0.1,0.282
0,0.805,0.166,0.121,0.057,0.05,0,0.08,0.2
0,0.292,0.154,0.125,0.072,0.014,0,0.05,0.109
0,0.176,0.077,0.009,0.054,0.01,0,0.09,0.054
1,0.41,0.404,0.57,0.226,0.563,0,0.23,0.362
0,0.804,0.847,0.886,0.797,0.956,0,0.78,0.715
1,0.798,0.747,0.798,0.733,0.882,0,0.76,0.66
1,0.668,0.662,0.622,0.313,0.817,0,0.38,0.514
0,0.288,0.226,0.108,0.068,0.036,0,0.07,0.121
0,0.391,0.084,0.05,0.027,0.063,0,0.02,0.102
0,0.297,0.295,0.448,0.104,0.125,0,0.05,0.212
0,0.255,0.2,0.101,0.056,0.096,0,0.08,0.118
0,0.286,0.207,0.083,0.089,0.06,0,0.02,0.121
0,0.803,0.472,0.283,0.19,0.41,0,0.19,0.36
1,0.574,0.772,0.753,0.466,0.719,0,0.36,0.547
0,0.316,0.182,0.111,0.049,0.138,0,0.09,0.133
0,0.701,0.704,0.918,0.843,0.835,0,0.86,0.667
0,0.641,0.402,0.526,0.151,0.273,0,0.25,0.332
0,0.295,0.381,0.626,0.262,0.313,0,0.27,0.313
0,0.433,0.107,0.048,0.031,0.047,0,0.01,0.111
1,0.759,0.788,0.93,0.841,0.917,0,0.66,0.706
0,0.517,0.524,0.587,0.204,0.628,0,0.43,0.41
1,0.781,0.465,0.5,0.329,0.477,0,0.26,0.425
1,0.62,0.635,0.643,0.287,0.523,0,0.38,0.451
0,0.222,0.067,0.043,0.036,0.044,0,0.03,0.069
0,0.251,0.193,0.083,0.039,0.051,0,0.06,0.103
0,0.825,0.709,0.848,0.431,0.817,0,0.64,0.605
1,0.318,0.682,0.983,0.898,0.625,0,0.85,0.584
0,0.678,0.443,0.742,0.691,0.487,0,0.51,0.507
0,0.522,0.179,0.291,0.054,0.117,0,0.01,0.194
0,0.121,0.081,0.045,0.02,0.006,0,0.02,0.045
0,0.428,0.446,0.342,0.291,0.206,0,0.06,0.285
0,0.574,0.708,0.724,0.366,0.726,0,0.53,0.516
0,0.586,0.253,0.347,0.101,0.327,0,0.12,0.269
0,0.122,0.097,0.016,0.017,0.026,0,0.01,0.046
0,0.234,0.266,0.398,0.154,0.142,0,0.23,0.199
0,0.504,0.389,0.345,0.182,0.286,0,0.3,0.284
0,0.642,0.518,0.446,0.289,0.32,0,0.33,0.369
0,0.13,0.078,0.047,0.014,0.023,0,0.01,0.049
1,0.596,0.678,0.869,0.882,0.927,0,0.84,0.659
1,0.262,0.21,0.142,0.041,0.14,0,0.03,0.132
0,0.482,0.369,0.221,0.18,0.456,0,0.23,0.285
0,0.447,0.34,0.208,0.115,0.304,0,0.19,0.236
1,0.553,0.321,0.35,0.073,0.359,0,0.26,0.276
0,0.271,0.143,0.056,0.075,0.05,0,0.02,0.099
0,0.37,0.22,0.068,0.04,0.123,0,0.06,0.137
0,0.433,0.18,0.091,0.086,0.128,0,0.03,0.153
1,0.364,0.099,0.052,0.02,0.022,0,0.0,0.093
0,0.46,0.124,0.094,0.026,0.122,0,0.0,0.138
0,0.168,0.149,0.016,0.017,0.006,0,0.04,0.059
0,0.331,0.317,0.234,0.083,0.044,0,0.04,0.168
0,0.617,0.277,0.416,0.053,0.144,0,0.14,0.251
0,0.559,0.496,0.707,0.299,0.696,0,0.41,0.46
0,0.138,0.143,0.188,0.066,0.187,0,0.11,0.12
0,0.374,0.325,0.139,0.089,0.108,0,0.2,0.173
1,0.736,0.859,0.851,0.823,0.961,0,0.68,0.705
0,0.263,0.125,0.157,0.03,0.26,0,0.01,0.139
0,0.473,0.333,0.314,0.08,0.198,0,0.15,0.233
1,0.656,0.33,0.344,0.491,0.255,0,0.21,0.346
0,0.258,0.062,0.024,0.025,0.01,0,0.08,0.063
0,0.436,0.23,0.222,0.072,0.065,0,0.07,0.171
0,0.26,0.151,0.024,0.034,0.021,0,0.19,0.082
1,0.706,0.563,0.647,0.268,0.514,0,0.25,0.45
0,0.571,0.19,0.07,0.042,0.059,0,0.03,0.155
0,0.372,0.476,0.393,0.219,0.411,0,0.19,0.312
0,0.418,0.307,0.15,0.144,0.219,0,0.1,0.206
0,0.232,0.222,0.13,0.062,0.094,0,0.07,0.123
0,0.181,0.2,0.057,0.043,0.048,0,0.19,0.088
0,0.142,0.257,0.19,0.073,0.103,0,0.08,0.128
0,0.29,0.14,0.128,0.045,0.023,0,0.01,0.104
0,0.164,0.167,0.246,0.05,0.145,0,0.22,0.129
0,0.141,0.053,0.048,0.013,0.017,0,0.0,0.045
0,0.163,0.047,0.017,0.011,0.005,0,0.0,0.04
1,0.665,0.608,0.718,0.489,0.427,0,0.53,0.484
0,0.217,0.325,0.23,0.195,0.332,0,0.1,0.216
0,0.349,0.452,0.305,0.101,0.25,0,0.07,0.243
0,0.629,0.499,0.532,0.26,0.545,0,0.13,0.411
1,0.367,0.258,0.122,0.06,0.168,0,0.05,0.163
0,0.632,0.29,0.384,0.081,0.203,0,0.23,0.265
0,0.395,0.135,0.069,0.047,0.051,0,0.01,0.116
0,0.298,0.19,0.147,0.074,0.147,0,0.06,0.143
0,0.585,0.619,0.251,0.158,0.271,0,0.17,0.314
0,0.663,0.418,0.401,0.149,0.496,0,0.25,0.355
0,0.333,0.082,0.029,0.021,0.045,0,0.06,0.085
1,0.555,0.323,0.147,0.093,0.08,0,0.11,0.2
0,0.342,0.33,0.218,0.179,0.44,0,0.3,0.252
1,0.426,0.409,0.567,0.18,0.357,0,0.15,0.323
0,0.145,0.072,0.015,0.012,0.005,0,0.02,0.041
0,0.541,0.172,0.139,0.042,0.101,0,0.0,0.166
0,0.506,0.492,0.662,0.287,0.699,0,0.44,0.441
1,0.737,0.766,0.818,0.623,0.673,0,0.64,0.603
1,0.462,0.636,0.804,0.514,0.708,0,0.63,0.521
1,0.73,0.797,0.644,0.762,0.864,0,0.55,0.633
0,0.38,0.244,0.107,0.054,0.076,0,0.18,0.143
0,0.306,0.278,0.195,0.123,0.184,0,0.1,0.181
1,0.835,0.911,0.968,0.913,0.988,0,0.97,0.769
0,0.528,0.204,0.105,0.028,0.033,0,0.03,0.15
0,0.465,0.54,0.555,0.288,0.509,0,0.31,0.393
0,0.344,0.173,0.131,0.028,0.049,0,0.01,0.121
0,0.904,0.732,0.796,0.616,0.722,0,0.62,0.628
0,0.526,0.206,0.15,0.088,0.104,0,0.05,0.179
1,0.841,0.666,0.939,0.739,0.871,0,0.8,0.676
0,0.262,0.089,0.028,0.035,0.015,0,0.09,0.071
0,0.531,0.333,0.316,0.116,0.153,0,0.04,0.242
0,0.268,0.197,0.179,0.048,0.068,0,0.07,0.127
0,0.286,0.08,0.027,0.021,0.021,0,0.0,0.073
1,0.8,0.888,0.939,0.771,0.985,0,0.77,0.731
0,0.214,0.07,0.038,0.021,0.008,0,0.0,0.059
1,0.914,0.956,0.973,0.905,0.995,0,0.79,0.791
0,0.256,0.096,0.076,0.028,0.019,0,0.05,0.079
1,0.728,0.773,0.909,0.802,0.811,0,0.74,0.671
0,0.126,0.051,0.047,0.012,0.03,0,0.0,0.044
1,0.314,0.071,0.043,0.012,0.009,0,0.01,0.075
0,0.225,0.071,0.068,0.018,0.039,0,0.0,0.07
1,0.807,0.859,0.879,0.746,0.952,0,0.65,0.707
0,0.504,0.355,0.687,0.379,0.607,0,0.32,0.422
0,0.072,0.131,0.169,0.025,0.046,0,0.12,0.074
0,0.321,0.086,0.021,0.018,0.035,0,0.01,0.08
1,0.434,0.28,0.314,0.116,0.182,0,0.11,0.221
0,0.392,0.403,0.512,0.149,0.45,0,0.09,0.318
0,0.648,0.25,0.13,0.174,0.476,0,0.1,0.28
0,0.126,0.065,0.044,0.017,0.06,0,0.0,0.052
1,0.699,0.813,0.845,0.503,0.879,0,0.64,0.623
0,0.228,0.257,0.236,0.085,0.211,0,0.12,0.169
1,0.619,0.27,0.245,0.061,0.299,0,0.15,0.249
0,0.244,0.265,0.465,0.138,0.141,0,0.24,0.209
0,0.237,0.194,0.07,0.063,0.062,0,0.13,0.104
0,0.588,0.367,0.457,0.199,0.357,0,0.13,0.328
0,0.292,0.222,0.235,0.122,0.239,0,0.06,0.185
0,0.265,0.065,0.032,0.017,0.007,0,0.0,0.064
1,0.587,0.233,0.142,0.042,0.05,0,0.07,0.176
0,0.464,0.232,0.037,0.064,0.076,0,0.2,0.145
1,0.285,0.194,0.415,0.042,0.276,0,0.02,0.202
0,0.158,0.058,0.032,0.012,0.03,0,0.0,0.048
0,0.236,0.208,0.214,0.082,0.113,0,0.15,0.142
0,0.192,0.274,0.389,0.174,0.262,0,0.25,0.215
1,0.715,0.384,0.505,0.186,0.381,0,0.36,0.362
0,0.404,0.26,0.123,0.044,0.416,0,0.0,0.208
0,0.224,0.063,0.021,0.017,0.02,0,0.0,0.057
0,0.393,0.146,0.058,0.038,0.019,0,0.09,0.109
1,0.892,0.859,0.987,0.875,0.99,0,0.96,0.767
0,0.474,0.341,0.481,0.176,0.378,0,0.24,0.308
0,0.442,0.234,0.126,0.063,0.095,0,0.12,0.16
0,0.097,0.048,0.023,0.014,0.007,0,0.01,0.031
0,0.368,0.176,0.082,0.067,0.062,0,0.03,0.126
0,0.756,0.426,0.542,0.299,0.617,0,0.42,0.44
0,0.342,0.06,0.018,0.013,0.013,0,0.0,0.075
0,0.329,0.257,0.114,0.094,0.074,0,0.09,0.144
0,0.559,0.419,0.461,0.225,0.603,0,0.32,0.378
0,0.532,0.329,0.203,0.112,0.131,0,0.17,0.218
0,0.336,0.092,0.031,0.017,0.031,0,0.0,0.085
0,0.119,0.048,0.072,0.015,0.011,0,0.0,0.044
0,0.342,0.189,0.093,0.043,0.081,0,0.04,0.125
0,0.434,0.179,0.123,0.06,0.045,0,0.08,0.14
1,0.699,0.668,0.583,0.47,0.634,0,0.5,0.509
0,0.297,0.07,0.035,0.014,0.012,0,0.0,0.071
0,0.132,0.246,0.145,0.08,0.262,0,0.1,0.144
1,0.807,0.839,0.883,0.73,0.834,0,0.63,0.682
0,0.334,0.336,0.367,0.26,0.243,0,0.15,0.257
0,0.216,0.098,0.02,0.02,0.009,0,0.05,0.06
0,0.283,0.066,0.02,0.025,0.026,0,0.02,0.07
0,0.156,0.049,0.018,0.014,0.007,0,0.0,0.04
0,0.324,0.207,0.113,0.093,0.053,0,0.07,0.132
0,0.177,0.149,0.109,0.042,0.05,0,0.07,0.088
0,0.496,0.275,0.133,0.082,0.276,0,0.06,0.21
0,0.422,0.199,0.064,0.04,0.086,0,0.01,0.135
0,0.356,0.109,0.056,0.025,0.058,0,0.0,0.101
0,0.17,0.114,0.081,0.025,0.045,0,0.07,0.072
0,0.734,0.576,0.43,0.427,0.539,0,0.39,0.451
0,0.706,0.769,0.689,0.543,0.739,0,0.45,0.574
1,0.734,0.851,0.924,0.72,0.938,0,0.71,0.694
1,0.672,0.675,0.718,0.474,0.661,0,0.52,0.533
0,0.557,0.257,0.06,0.039,0.032,0,0.07,0.157
0,0.511,0.394,0.278,0.191,0.447,0,0.23,0.304
0,0.445,0.578,0.681,0.275,0.691,0,0.36,0.445
0,0.115,0.158,0.047,0.053,0.109,0,0.03,0.08
0,0.689,0.502,0.36,0.421,0.268,0,0.31,0.373
0,0.288,0.274,0.241,0.149,0.2,0,0.32,0.192
0,0.532,0.176,0.058,0.021,0.015,0,0.01,0.134
1,0.463,0.157,0.118,0.041,0.044,0,0.16,0.137
0,0.246,0.179,0.054,0.037,0.066,0,0.1,0.097
0,0.399,0.433,0.502,0.255,0.782,0,0.11,0.395
0,0.742,0.636,0.783,0.352,0.574,0,0.54,0.515
1,0.659,0.843,0.973,0.937,0.939,0,0.97,0.725
0,0.603,0.605,0.757,0.245,0.687,0,0.61,0.483
0,0.685,0.719,0.826,0.624,0.862,0,0.64,0.619
0,0.466,0.479,0.676,0.288,0.435,0,0.49,0.391
0,0.381,0.082,0.05,0.017,0.018,0,0.02,0.091
0,0.249,0.102,0.042,0.026,0.037,0,0.02,0.076
0,0.323,0.083,0.031,0.01,0.005,0,0.01,0.075
0,0.632,0.385,0.592,0.294,0.311,0,0.18,0.369
1,0.712,0.846,0.984,0.916,0.988,0,0.98,0.741
0,0.128,0.091,0.015,0.022,0.023,0,0.03,0.047
0,0.379,0.22,0.089,0.053,0.161,0,0.16,0.15
0,0.56,0.392,0.248,0.153,0.093,0,0.23,0.241
0,0.381,0.136,0.067,0.03,0.042,0,0.01,0.109
0,0.493,0.394,0.288,0.147,0.359,0,0.29,0.28
0,0.482,0.451,0.399,0.189,0.799,0,0.18,0.387
0,0.358,0.102,0.047,0.02,0.015,0,0.0,0.09
0,0.461,0.485,0.51,0.317,0.602,0,0.26,0.396
0,0.547,0.554,0.492,0.334,0.183,0,0.32,0.352
0,0.445,0.453,0.388,0.236,0.38,0,0.12,0.317
0,0.421,0.101,0.034,0.026,0.018,0,0.0,0.1
0,0.684,0.286,0.161,0.068,0.455,0,0.17,0.276
0,0.363,0.147,0.119,0.043,0.077,0,0.01,0.125
0,0.248,0.186,0.208,0.065,0.054,0,0.01,0.127
0,0.116,0.105,0.02,0.019,0.02,0,0.02,0.047
1,0.498,0.789,0.988,0.949,0.877,0,0.86,0.684
1,0.593,0.766,0.896,0.564,0.924,0,0.66,0.624
0,0.368,0.159,0.081,0.054,0.038,0,0.07,0.117
0,0.258,0.401,0.568,0.195,0.482,0,0.11,0.317
0,0.156,0.07,0.032,0.016,0.014,0,0.0,0.048
0,0.127,0.046,0.025,0.014,0.003,0,0.01,0.036
0,0.388,0.07,0.03,0.026,0.01,0,0.03,0.087
0,0.406,0.26,0.051,0.089,0.132,0,0.09,0.157
0,0.083,0.068,0.066,0.038,0.041,0,0.01,0.049
0,0.354,0.217,0.057,0.043,0.049,0,0.12,0.12
0,0.216,0.334,0.313,0.115,0.214,0,0.15,0.199
1,0.647,0.725,0.955,0.711,0.894,0,0.72,0.655
1,0.416,0.396,0.585,0.213,0.169,0,0.16,0.296
0,0.269,0.134,0.116,0.032,0.045,0,0.01,0.099
0,0.666,0.817,0.809,0.604,0.863,0,0.73,0.626
0,0.167,0.259,0.026,0.086,0.106,0,0.13,0.107
0,0.153,0.051,0.044,0.014,0.014,0,0.0,0.046
0,0.334,0.245,0.13,0.088,0.074,0,0.01,0.145
1,0.299,0.473,0.815,0.717,0.625,0,0.55,0.488
1,0.772,0.82,0.819,0.693,0.926,0,0.79,0.672
0,0.198,0.062,0.024,0.012,0.005,0,0.02,0.05
0,0.568,0.32,0.182,0.083,0.148,0,0.08,0.217
0,0.48,0.359,0.607,0.344,0.383,0,0.41,0.362
0,0.257,0.197,0.111,0.056,0.021,0,0.12,0.107
1,0.813,0.762,0.816,0.709,0.775,0,0.61,0.646
1,0.623,0.902,0.986,0.961,0.989,0,1.0,0.744
0,0.73,0.442,0.368,0.182,0.421,0,0.16,0.357
0,0.64,0.457,0.612,0.175,0.476,0,0.16,0.393
0,0.587,0.655,0.519,0.34,0.408,0,0.48,0.418
0,0.421,0.385,0.254,0.145,0.268,0,0.1,0.245
0,0.253,0.133,0.05,0.032,0.045,0,0.0,0.085
0,0.329,0.073,0.021,0.016,0.014,0,0.0,0.076
0,0.264,0.406,0.286,0.109,0.123,0,0.14,0.198
0,0.707,0.833,0.901,0.669,0.931,0,0.71,0.674
0,0.386,0.275,0.159,0.09,0.275,0,0.15,0.198
0,0.091,0.048,0.013,0.009,0.002,0,0.13,0.027
0,0.182,0.328,0.454,0.161,0.306,0,0.18,0.238
0,0.843,0.221,0.1,0.064,0.182,0,0.07,0.235
0,0.394,0.229,0.067,0.075,0.055,0,0.08,0.136
0,0.471,0.145,0.111,0.094,0.121,0,0.05,0.157
0,0.491,0.279,0.225,0.091,0.109,0,0.07,0.199
0,0.648,0.502,0.559,0.192,0.466,0,0.27,0.395
0,0.175,0.175,0.057,0.031,0.021,0,0.05,0.077
0,0.307,0.319,0.163,0.075,0.093,0,0.08,0.16
0,0.672,0.586,0.7,0.305,0.521,0,0.37,0.464
0,0.444,0.46,0.592,0.25,0.582,0,0.49,0.388
0,0.534,0.241,0.114,0.06,0.174,0,0.02,0.187
0,0.223,0.185,0.085,0.064,0.044,0,0.18,0.1
0,0.457,0.454,0.418,0.162,0.24,0,0.1,0.288
0,0.874,0.093,0.009,0.043,0.008,0,0.15,0.171
0,0.186,0.187,0.204,0.053,0.205,0,0.17,0.139
1,0.396,0.141,0.166,0.053,0.179,0,0.08,0.156
1,0.66,0.846,0.981,0.905,0.997,0,0.96,0.732
0,0.352,0.268,0.244,0.11,0.329,0,0.14,0.217
0,0.383,0.161,0.015,0.036,0.01,0,0.12,0.101
0,0.216,0.313,0.405,0.163,0.113,0,0.16,0.202
0,0.478,0.248,0.101,0.048,0.188,0,0.03,0.177
0,0.614,0.243,0.089,0.079,0.128,0,0.06,0.192
1,0.185,0.702,0.864,0.875,0.719,0,0.4,0.558
0,0.261,0.35,0.364,0.211,0.325,0,0.14,0.252
0,0.347,0.212,0.163,0.028,0.042,0,0.0,0.132
0,0.769,0.881,0.953,0.855,0.97,0,0.92,0.738
0,0.218,0.06,0.036,0.028,0.024,0,0.0,0.061
1,0.708,0.875,0.955,0.789,0.94,0,0.67,0.711
0,0.908,0.211,0.095,0.097,0.108,0,0.17,0.237
0,0.226,0.08,0.052,0.019,0.009,0,0.0,0.064
0,0.23,0.134,0.043,0.026,0.013,0,0.0,0.074
0,0.114,0.044,0.022,0.016,0.008,0,0.0,0.034
0,0.6,0.261,0.278,0.081,0.108,0,0.07,0.221
1,0.729,0.774,0.969,0.925,0.96,0,0.97,0.726
0,0.265,0.206,0.152,0.044,0.108,0,0.01,0.129
1,0.69,0.852,0.985,0.955,0.991,0,0.98,0.746
0,0.313,0.259,0.247,0.062,0.225,0,0.04,0.184
0,0.3,0.245,0.303,0.093,0.155,0,0.23,0.183
0,0.599,0.325,0.18,0.104,0.314,0,0.18,0.254
0,0.685,0.444,0.402,0.251,0.321,0,0.22,0.35
1,0.539,0.475,0.702,0.361,0.767,0,0.38,0.474
0,0.589,0.471,0.457,0.13,0.306,0,0.11,0.326
0,0.587,0.391,0.085,0.106,0.261,0,0.08,0.238
0,0.132,0.062,0.04,0.017,0.008,0,0.0,0.043
0,0.607,0.416,0.243,0.211,0.116,0,0.16,0.266
0,0.596,0.721,0.629,0.372,0.74,0,0.41,0.51
0,0.324,0.35,0.276,0.064,0.175,0,0.11,0.198
0,0.064,0.056,0.02,0.019,0.007,0,0.0,0.027
0,0.762,0.164,0.058,0.042,0.13,0,0.1,0.193
0,0.381,0.222,0.129,0.056,0.063,0,0.03,0.142
0,0.169,0.157,0.106,0.038,0.066,0,0.04,0.089
0,0.129,0.057,0.033,0.009,0.065,0,0.06,0.049
1,0.824,0.853,0.866,0.781,0.918,0,0.83,0.707
1,0.487,0.389,0.047,0.047,0.193,0,0.11,0.194
0,0.185,0.068,0.022,0.026,0.017,0,0.01,0.053
0,0.314,0.265,0.218,0.097,0.202,0,0.1,0.183
0,0.54,0.47,0.624,0.297,0.511,0,0.44,0.407
0,0.537,0.386,0.424,0.089,0.222,0,0.24,0.276
1,0.945,0.323,0.027,0.077,0.103,0,0.05,0.246
1,0.551,0.794,0.948,0.899,0.984,0,0.9,0.696
0,0.54,0.629,0.489,0.293,0.551,0,0.12,0.417
0,0.546,0.609,0.656,0.282,0.674,0,0.18,0.461
1,0.534,0.462,0.289,0.168,0.37,0,0.36,0.304
0,0.395,0.189,0.122,0.069,0.078,0,0.04,0.142
0,0.278,0.218,0.307,0.108,0.16,0,0.15,0.178
1,0.57,0.751,0.805,0.477,0.725,0,0.6,0.555
0,0.872,0.172,0.01,0.025,0.032,0,0.04,0.185
1,0.858,0.616,0.88,0.55,0.741,0,0.72,0.608
1,0.204,0.145,0.09,0.02,0.083,0,0.03,0.09
0,0.392,0.321,0.449,0.075,0.332,0,0.08,0.262
0,0.326,0.074,0.021,0.013,0.006,0,0.01,0.073
0,0.42,0.105,0.051,0.023,0.033,0,0.01,0.105
0,0.498,0.267,0.25,0.145,0.286,0,0.1,0.241
1,0.593,0.728,0.972,0.911,0.971,0,0.8,0.696
1,0.569,0.609,0.692,0.577,0.801,0,0.38,0.541
0,0.658,0.498,0.361,0.26,0.38,0,0.3,0.36
1,0.18,0.317,0.457,0.099,0.173,0,0.16,0.204
0,0.33,0.074,0.022,0.023,0.011,0,0.01,0.077
0,0.25,0.071,0.044,0.016,0.009,0,0.01,0.065
0,0.635,0.527,0.506,0.315,0.487,0,0.51,0.412
0,0.351,0.128,0.02,0.039,0.044,0,0.08,0.097
0,0.177,0.068,0.015,0.017,0.007,0,0.0,0.047
1,0.655,0.704,0.98,0.903,0.798,0,0.82,0.673
1,0.818,0.926,0.961,0.838,0.977,0,0.91,0.753
0,0.517,0.614,0.913,0.503,0.878,0,0.6,0.571
0,0.421,0.133,0.075,0.014,0.014,0,0.0,0.11
0,0.369,0.098,0.043,0.021,0.047,0,0.04,0.096
1,0.755,0.506,0.262,0.477,0.577,0,0.27,0.429
0,0.412,0.444,0.597,0.224,0.16,0,0.25,0.306
0,0.248,0.094,0.073,0.021,0.016,0,0.02,0.075
0,0.383,0.273,0.03,0.033,0.27,0,0.09,0.165
0,0.251,0.232,0.146,0.06,0.081,0,0.08,0.128
0,0.567,0.301,0.191,0.175,0.248,0,0.08,0.247
0,0.719,0.499,0.73,0.428,0.569,0,0.41,0.491
0,0.527,0.172,0.196,0.041,0.058,0,0.07,0.166
0,0.224,0.212,0.12,0.036,0.155,0,0.09,0.125
1,0.652,0.822,0.909,0.824,0.9,0,0.76,0.685
0,0.051,0.153,0.246,0.023,0.03,0,0.36,0.084
0,0.349,0.079,0.024,0.018,0.018,0,0.0,0.081
0,0.184,0.27,0.294,0.142,0.453,0,0.25,0.224
0,0.446,0.26,0.167,0.087,0.091,0,0.07,0.175
0,0.573,0.579,0.55,0.358,0.419,0,0.49,0.413
0,0.215,0.104,0.012,0.025,0.032,0,0.0,0.065
0,0.258,0.11,0.053,0.033,0.057,0,0.01,0.085
0,0.596,0.476,0.596,0.389,0.608,0,0.39,0.444
0,0.682,0.13,0.038,0.033,0.016,0,0.01,0.15
1,0.691,0.841,0.919,0.715,0.946,0,0.73,0.685
0,0.437,0.25,0.194,0.081,0.212,0,0.09,0.196
1,0.656,0.667,0.873,0.433,0.864,0,0.6,0.582
1,0.55,0.206,0.162,0.029,0.076,0,0.03,0.171
1,0.534,0.58,0.659,0.337,0.691,0,0.36,0.467
0,0.904,0.316,0.061,0.076,0.03,0,0.04,0.231
0,0.417,0.26,0.226,0.067,0.172,0,0.11,0.19
0,0.958,0.185,0.046,0.078,0.024,0,0.04,0.215
0,0.643,0.364,0.188,0.154,0.32,0,0.18,0.278
0,0.334,0.251,0.108,0.062,0.101,0,0.04,0.143
0,0.497,0.312,0.489,0.141,0.271,0,0.23,0.285
1,0.486,0.428,0.61,0.272,0.474,0,0.52,0.378
0,0.376,0.104,0.033,0.025,0.013,0,0.01,0.092
0,0.355,0.178,0.142,0.035,0.228,0,0.06,0.156
0,0.519,0.509,0.056,0.178,0.519,0,0.24,0.297
0,0.197,0.312,0.237,0.112,0.19,0,0.13,0.175
0,0.746,0.243,0.15,0.108,0.118,0,0.03,0.228
0,0.4,0.439,0.441,0.345,0.646,0,0.13,0.378
0,0.23,0.134,0.134,0.067,0.032,0,0.0,0.099
0,0.507,0.365,0.432,0.145,0.283,0,0.25,0.289
0,0.598,0.333,0.33,0.109,0.231,0,0.18,0.267
0,0.607,0.248,0.151,0.069,0.1,0,0.04,0.196
0,0.271,0.15,0.059,0.055,0.022,0,0.04,0.093
1,0.376,0.508,0.534,0.295,0.406,0,0.27,0.353
0,0.368,0.484,0.595,0.313,0.706,0,0.21,0.411
1,0.308,0.36,0.474,0.122,0.352,0,0.24,0.269
1,0.26,0.285,0.108,0.157,0.444,0,0.12,0.209
0,0.577,0.431,0.44,0.152,0.587,0,0.16,0.364
0,0.46,0.548,0.762,0.321,0.846,0,0.49,0.49
0,0.093,0.051,0.044,0.025,0.015,0,0.0,0.038
1,0.903,0.742,0.91,0.767,0.974,0,0.83,0.716
0,0.407,0.298,0.08,0.114,0.359,0,0.04,0.21
0,0.362,0.133,0.046,0.049,0.038,0,0.02,0.105
0,0.438,0.495,0.583,0.201,0.56,0,0.18,0.38
0,0.428,0.445,0.522,0.24,0.521,0,0.16,0.359
1,0.592,0.408,0.404,0.288,0.44,0,0.21,0.355
0,0.333,0.083,0.064,0.037,0.011,0,0.05,0.088
1,0.977,0.537,0.662,0.507,0.65,0,0.5,0.556
1,0.375,0.51,0.482,0.349,0.364,0,0.38,0.347
1,0.443,0.495,0.536,0.244,0.217,0,0.12,0.322
0,0.57,0.607,0.378,0.257,0.55,0,0.1,0.394
1,0.844,0.923,0.986,0.968,0.986,0,1.0,0.785
0,0.492,0.376,0.253,0.116,0.235,0,0.3,0.245
1,0.907,0.839,0.946,0.901,0.861,0,0.84,0.742
0,0.064,0.056,0.049,0.013,0.004,0,0.0,0.031
1,0.759,0.672,0.795,0.475,0.78,0,0.51,0.58
0,0.506,0.126,0.144,0.113,0.078,0,0.09,0.161
0,0.433,0.44,0.336,0.16,0.322,0,0.14,0.282
0,0.399,0.285,0.053,0.084,0.122,0,0.07,0.157
0,0.219,0.218,0.076,0.093,0.052,0,0.01,0.11
0,0.212,0.072,0.02,0.017,0.003,0,0.0,0.054
1,0.932,0.653,0.926,0.748,0.942,0,0.8,0.7
0,0.376,0.208,0.113,0.122,0.214,0,0.1,0.172
0,0.334,0.127,0.041,0.023,0.058,0,0.0,0.097
1,0.64,0.653,0.803,0.525,0.652,0,0.57,0.546
0,0.229,0.051,0.029,0.017,0.01,0,0.0,0.056
1,0.268,0.29,0.256,0.155,0.332,0,0.14,0.217
0,0.545,0.417,0.262,0.202,0.206,0,0.12,0.272
0,0.543,0.225,0.396,0.058,0.142,0,0.1,0.227
0,0.111,0.058,0.038,0.014,0.01,0,0.0,0.039
0,0.38,0.077,0.044,0.029,0.011,0,0.05,0.09
0,0.336,0.213,0.153,0.034,0.057,0,0.06,0.132
0,0.528,0.167,0.115,0.032,0.079,0,0.08,0.153
0,0.778,0.232,0.251,0.086,0.168,0,0.2,0.252
0,0.627,0.424,0.13,0.145,0.259,0,0.13,0.264
1,0.462,0.468,0.56,0.231,0.501,0,0.29,0.37
0,0.341,0.421,0.321,0.276,0.608,0,0.35,0.328
0,0.671,0.504,0.543,0.284,0.829,0,0.23,0.472
0,0.68,0.283,0.349,0.098,0.27,0,0.13,0.28
0,0.361,0.119,0.066,0.037,0.122,0,0.01,0.118
0,0.397,0.196,0.093,0.048,0.084,0,0.05,0.136
1,0.603,0.48,0.475,0.348,0.289,0,0.21,0.366
1,0.41,0.428,0.37,0.192,0.535,0,0.19,0.322
0,0.256,0.064,0.035,0.028,0.034,0,0.01,0.069
0,0.24,0.211,0.111,0.043,0.055,0,0.09,0.11
1,0.456,0.226,0.17,0.07,0.048,0,0.05,0.162
0,0.397,0.178,0.249,0.052,0.069,0,0.03,0.158
0,0.187,0.067,0.049,0.018,0.01,0,0.01,0.055
0,0.358,0.202,0.203,0.068,0.114,0,0.18,0.157
0,0.532,0.168,0.12,0.051,0.048,0,0.15,0.153
0,0.838,0.222,0.102,0.075,0.039,0,0.08,0.213
0,0.565,0.345,0.222,0.167,0.222,0,0.08,0.254
0,0.557,0.558,0.382,0.26,0.368,0,0.35,0.354
0,0.531,0.622,0.836,0.493,0.84,0,0.61,0.554
0,0.519,0.349,0.383,0.156,0.518,0,0.05,0.321
0,0.503,0.204,0.093,0.058,0.125,0,0.03,0.164
0,0.468,0.098,0.027,0.014,0.019,0,0.01,0.104
1,0.445,0.191,0.067,0.065,0.137,0,0.03,0.151
1,0.76,0.719,0.862,0.506,0.904,0,0.46,0.625
0,0.288,0.104,0.069,0.028,0.017,0,0.04,0.084
0,0.529,0.204,0.079,0.045,0.147,0,0.05,0.168
0,0.313,0.103,0.027,0.039,0.022,0,0.01,0.084
0,0.503,0.576,0.612,0.22,0.836,0,0.3,0.458
0,0.394,0.208,0.143,0.066,0.201,0,0.01,0.169
0,0.098,0.193,0.065,0.05,0.06,0,0.2,0.078
0,0.465,0.274,0.134,0.081,0.07,0,0.08,0.171
1,0.909,0.825,0.924,0.888,0.98,0,0.88,0.754
0,0.563,0.362,0.2,0.094,0.437,0,0.07,0.276
0,0.571,0.77,0.816,0.644,0.787,0,0.62,0.598
0,0.296,0.18,0.046,0.047,0.05,0,0.06,0.103
1,0.412,0.337,0.39,0.174,0.344,0,0.12,0.276
0,0.256,0.376,0.487,0.178,0.564,0,0.17,0.31
0,0.371,0.409,0.429,0.255,0.27,0,0.19,0.289
0,0.756,0.526,0.638,0.742,0.606,0,0.47,0.545
0,0.407,0.174,0.131,0.031,0.128,0,0.08,0.145
0,0.776,0.229,0.06,0.097,0.186,0,0.1,0.225
0,0.709,0.291,0.387,0.069,0.308,0,0.38,0.294
0,0.487,0.344,0.426,0.086,0.501,0,0.18,0.307
1,0.34,0.183,0.215,0.102,0.062,0,0.1,0.15
0,0.238,0.089,0.041,0.017,0.02,0,0.0,0.067
0,0.272,0.215,0.33,0.079,0.195,0,0.09,0.182
0,0.631,0.331,0.184,0.053,0.45,0,0.13,0.275
0,0.517,0.21,0.065,0.065,0.008,0,0.09,0.144
0,0.859,0.538,0.365,0.197,0.809,0,0.39,0.461
0,0.264,0.152,0.056,0.032,0.052,0,0.04,0.093
0,0.433,0.403,0.419,0.181,0.257,0,0.1,0.282
0,0.251,0.123,0.114,0.062,0.252,0,0.02,0.134
0,0.481,0.476,0.538,0.447,0.427,0,0.24,0.395
0,0.468,0.289,0.111,0.04,0.171,0,0.12,0.18
0,0.08,0.05,0.019,0.009,0.003,0,0.0,0.027
0,0.156,0.125,0.081,0.091,0.044,0,0.07,0.083
0,0.852,0.089,0.012,0.027,0.011,0,0.08,0.165
0,0.244,0.083,0.033,0.02,0.069,0,0.05,0.075
1,0.764,0.445,0.285,0.188,0.351,0,0.13,0.339
0,0.075,0.113,0.042,0.035,0.023,0,0.0,0.048
0,0.184,0.149,0.044,0.036,0.098,0,0.03,0.085
0,0.518,0.461,0.724,0.205,0.67,0,0.28,0.43
0,0.432,0.154,0.094,0.053,0.112,0,0.07,0.141
1,0.54,0.623,0.527,0.313,0.559,0,0.13,0.427
0,0.498,0.513,0.732,0.462,0.834,0,0.54,0.507
0,0.094,0.166,0.038,0.043,0.042,0,0.06,0.064
0,0.303,0.345,0.542,0.131,0.565,0,0.03,0.314
0,0.642,0.322,0.209,0.105,0.178,0,0.15,0.243
0,0.312,0.441,0.327,0.147,0.438,0,0.1,0.278
0,0.303,0.137,0.101,0.046,0.101,0,0.01,0.115
1,0.732,0.877,0.926,0.764,0.852,0,0.82,0.692
0,0.409,0.192,0.103,0.035,0.373,0,0.01,0.185
0,0.235,0.058,0.027,0.022,0.007,0,0.0,0.058
0,0.197,0.283,0.169,0.178,0.279,0,0.08,0.184
0,0.289,0.133,0.149,0.061,0.067,0,0.0,0.117
0,0.217,0.065,0.027,0.022,0.01,0,0.0,0.057
0,0.356,0.126,0.087,0.035,0.083,0,0.02,0.114
0,0.109,0.053,0.017,0.019,0.009,0,0.0,0.035
0,0.379,0.252,0.34,0.073,0.118,0,0.04,0.194
0,0.395,0.534,0.496,0.221,0.519,0,0.21,0.361
0,0.226,0.213,0.113,0.046,0.119,0,0.08,0.119
0,0.322,0.373,0.224,0.073,0.16,0,0.08,0.192
1,0.449,0.794,0.965,0.857,0.942,0,0.86,0.668
0,0.81,0.938,0.949,0.883,0.968,0,0.82,0.758
1,0.873,0.901,0.972,0.932,0.991,0,1.0,0.778
0,0.135,0.054,0.013,0.013,0.008,0,0.01,0.037
1,0.576,0.679,0.624,0.269,0.613,0,0.54,0.46
0,0.514,0.404,0.147,0.113,0.327,0,0.07,0.251
0,0.597,0.193,0.044,0.07,0.171,0,0.08,0.179
0,0.249,0.095,0.038,0.022,0.015,0,0.01,0.07
0,0.383,0.37,0.657,0.159,0.808,0,0.11,0.396
0,0.391,0.195,0.032,0.04,0.02,0,0.01,0.113
0,0.142,0.114,0.021,0.031,0.02,0,0.04,0.055
0,0.204,0.085,0.023,0.028,0.011,0,0.05,0.059
0,0.153,0.052,0.056,0.021,0.013,0,0.0,0.049
1,0.69,0.783,0.83,0.714,0.876,0,0.86,0.649
1,0.886,0.816,0.941,0.84,0.955,0,0.92,0.74
0,0.396,0.235,0.212,0.099,0.092,0,0.17,0.172
0,0.559,0.269,0.211,0.095,0.09,0,0.04,0.204
0,0.804,0.693,0.905,0.734,0.841,0,0.64,0.663
1,0.194,0.323,0.297,0.133,0.487,0,0.08,0.239
1,0.663,0.857,0.934,0.954,0.966,0,0.75,0.729
0,0.424,0.211,0.066,0.059,0.068,0,0.03,0.138
0,0.16,0.31,0.313,0.223,0.28,0,0.15,0.214
1,0.383,0.417,0.481,0.207,0.492,0,0.11,0.33
1,0.226,0.179,0.185,0.133,0.163,0,0.13,0.148
0,0.269,0.131,0.092,0.036,0.096,0,0.0,0.104
0,0.176,0.068,0.045,0.028,0.033,0,0.0,0.058
0,0.265,0.085,0.035,0.018,0.035,0,0.0,0.073
0,0.348,0.224,0.186,0.104,0.367,0,0.13,0.205
0,0.593,0.396,0.349,0.201,0.311,0,0.35,0.308
0,0.589,0.273,0.128,0.082,0.135,0,0.04,0.201
0,0.585,0.35,0.026,0.03,0.08,0,0.09,0.179
0,0.457,0.669,0.885,0.861,0.927,0,0.74,0.633
0,0.104,0.208,0.082,0.028,0.149,0,0.04,0.095
0,0.663,0.47,0.679,0.203,0.468,0,0.32,0.414
1,0.649,0.561,0.894,0.72,0.848,0,0.42,0.612
0,0.355,0.182,0.178,0.041,0.039,0,0.04,0.132
1,0.883,0.689,0.821,0.661,0.901,0,0.71,0.659
0,0.485,0.38,0.544,0.235,0.528,0,0.38,0.362
0,0.553,0.624,0.751,0.352,0.579,0,0.59,0.476
0,0.252,0.21,0.158,0.093,0.085,0,0.06,0.133
0,0.735,0.732,0.772,0.704,0.849,0,0.51,0.632
0,0.702,0.211,0.077,0.058,0.1,0,0.01,0.191
0,0.337,0.154,0.154,0.059,0.014,0,0.05,0.12
0,0.398,0.127,0.041,0.033,0.025,0,0.0,0.104
1,0.507,0.461,0.486,0.189,0.307,0,0.24,0.325
0,0.307,0.344,0.167,0.135,0.211,0,0.09,0.194
0,0.742,0.198,0.339,0.052,0.114,0,0.08,0.241
0,0.535,0.516,0.736,0.338,0.348,0,0.52,0.412
0,0.153,0.259,0.23,0.051,0.093,0,0.08,0.131
0,0.385,0.23,0.192,0.084,0.09,0,0.2,0.164
1,0.459,0.247,0.145,0.138,0.194,0,0.03,0.197
0,0.158,0.061,0.029,0.016,0.013,0,0.0,0.046
0,0.865,0.325,0.203,0.034,0.139,0,0.08,0.261
0,0.275,0.156,0.04,0.042,0.01,0,0.04,0.087
0,0.41,0.14,0.119,0.022,0.12,0,0.01,0.135
0,0.335,0.331,0.233,0.123,0.19,0,0.07,0.202
1,0.225,0.085,0.023,0.024,0.051,0,0.01,0.068
0,0.271,0.101,0.053,0.037,0.059,0,0.0,0.087
1,0.695,0.453,0.414,0.257,0.452,0,0.44,0.378
0,0.823,0.719,0.901,0.567,0.761,0,0.49,0.628
0,0.132,0.036,0.033,0.012,0.004,0,0.0,0.036
0,0.158,0.171,0.101,0.042,0.071,0,0.03,0.091
0,0.167,0.179,0.209,0.059,0.089,0,0.07,0.117
0,0.343,0.14,0.097,0.025,0.013,0,0.0,0.103
0,0.28,0.185,0.049,0.04,0.049,0,0.15,0.101
0,0.489,0.133,0.089,0.032,0.043,0,0.02,0.131
0,0.172,0.137,0.048,0.031,0.031,0,0.05,0.07
0,0.231,0.405,0.573,0.163,0.426,0,0.09,0.3
0,0.693,0.48,0.556,0.245,0.496,0,0.54,0.412
1,0.395,0.405,0.383,0.172,0.185,0,0.08,0.257
0,0.354,0.284,0.173,0.091,0.127,0,0.27,0.172
1,0.59,0.303,0.436,0.174,0.135,0,0.16,0.273
0,0.246,0.092,0.027,0.016,0.007,0,0.07,0.065
0,0.62,0.202,0.201,0.034,0.041,0,0.05,0.183
0,0.299,0.119,0.03,0.025,0.028,0,0.0,0.084
1,0.398,0.7,0.957,0.872,0.944,0,0.72,0.645
0,0.66,0.507,0.293,0.183,0.372,0,0.38,0.336
0,0.541,0.42,0.52,0.226,0.587,0,0.43,0.382
1,0.403,0.183,0.054,0.045,0.047,0,0.1,0.122
0,0.604,0.696,0.76,0.468,0.652,0,0.32,0.53
0,0.491,0.147,0.136,0.031,0.061,0,0.01,0.144
1,0.625,0.867,0.95,0.709,0.946,0,0.69,0.683
0,0.277,0.516,0.638,0.349,0.834,0,0.23,0.436
1,0.391,0.454,0.465,0.16,0.278,0,0.13,0.291
0,0.635,0.506,0.412,0.278,0.417,0,0.49,0.375
0,0.611,0.494,0.464,0.219,0.332,0,0.22,0.353
0,0.587,0.157,0.05,0.053,0.046,0,0.09,0.149
0,0.811,0.719,0.809,0.503,0.837,0,0.78,0.613
1,0.597,0.417,0.329,0.096,0.235,0,0.28,0.279
0,0.296,0.117,0.029,0.021,0.028,0,0.0,0.082
0,0.361,0.201,0.304,0.068,0.246,0,0.1,0.197
0,0.874,0.769,0.92,0.793,0.907,0,0.92,0.711
0,0.544,0.278,0.154,0.065,0.098,0,0.04,0.19
0,0.744,0.591,0.597,0.35,0.314,0,0.3,0.433
1,0.674,0.826,0.988,0.96,0.99,0,0.99,0.74
0,0.773,0.751,0.928,0.488,0.74,0,0.74,0.613
0,0.454,0.271,0.138,0.096,0.135,0,0.07,0.182
0,0.374,0.353,0.211,0.244,0.137,0,0.09,0.22
1,0.799,0.916,0.921,0.857,0.928,0,0.9,0.737
0,0.433,0.569,0.67,0.372,0.806,0,0.4,0.475
0,0.483,0.423,0.711,0.352,0.589,0,0.49,0.426
0,0.777,0.327,0.298,0.078,0.11,0,0.04,0.265
1,0.691,0.826,0.795,0.798,0.92,0,0.73,0.672
0,0.156,0.169,0.111,0.069,0.023,0,0.06,0.088
0,0.373,0.1,0.036,0.02,0.019,0,0.0,0.091
0,0.67,0.673,0.662,0.338,0.407,0,0.57,0.458
0,0.148,0.251,0.278,0.162,0.17,0,0.12,0.168
0,0.635,0.542,0.865,0.395,0.662,0,0.37,0.517
1,0.901,0.939,0.97,0.941,0.992,0,0.87,0.79
1,0.574,0.401,0.335,0.128,0.5,0,0.06,0.323
0,0.775,0.422,0.413,0.231,0.369,0,0.21,0.368
1,0.497,0.855,0.965,0.934,0.916,0,0.94,0.695
0,0.251,0.27,0.093,0.14,0.155,0,0.05,0.151
1,0.832,0.892,0.968,0.88,0.987,0,1.0,0.76
0,0.703,0.547,0.599,0.344,0.339,0,0.48,0.422
0,0.186,0.322,0.226,0.076,0.193,0,0.08,0.167
0,0.442,0.316,0.309,0.262,0.156,0,0.04,0.248
1,0.232,0.351,0.32,0.198,0.304,0,0.02,0.234
0,0.253,0.327,0.493,0.245,0.494,0,0.37,0.302
0,0.466,0.125,0.109,0.029,0.092,0,0.01,0.137
0,0.349,0.505,0.702,0.419,0.779,0,0.6,0.459
0,0.239,0.134,0.046,0.019,0.038,0,0.06,0.079
0,0.799,0.201,0.209,0.064,0.078,0,0.03,0.225
0,0.241,0.089,0.083,0.026,0.042,0,0.01,0.08
0,0.461,0.338,0.326,0.122,0.201,0,0.06,0.241
0,0.234,0.108,0.061,0.063,0.025,0,0.0,0.082
0,0.113,0.044,0.012,0.016,0.008,0,0.04,0.032
0,0.219,0.068,0.011,0.013,0.003,0,0.0,0.052
1,0.514,0.412,0.425,0.249,0.178,0,0.13,0.296
0,0.636,0.451,0.185,0.259,0.181,0,0.07,0.285
0,0.172,0.066,0.025,0.028,0.017,0,0.0,0.051
0,0.091,0.078,0.073,0.07,0.008,0,0.03,0.053
0,0.152,0.225,0.062,0.048,0.064,0,0.19,0.092
1,0.668,0.824,0.93,0.734,0.939,0,0.62,0.682
0,0.335,0.076,0.039,0.024,0.025,0,0.0,0.083
0,0.441,0.408,0.411,0.402,0.586,0,0.24,0.375
1,0.807,0.832,0.807,0.703,0.9,0,0.6,0.675
0,0.456,0.131,0.069,0.077,0.027,0,0.06,0.127
0,0.465,0.286,0.195,0.039,0.15,0,0.11,0.189
0,0.536,0.675,0.855,0.492,0.792,0,0.49,0.558
1,0.555,0.857,0.966,0.95,0.984,0,0.99,0.719
0,0.458,0.225,0.429,0.076,0.35,0,0.08,0.256
1,0.286,0.372,0.569,0.162,0.338,0,0.18,0.288
0,0.51,0.396,0.346,0.131,0.332,0,0.19,0.286
1,0.634,0.754,0.687,0.489,0.701,0,0.4,0.544
1,0.613,0.566,0.674,0.534,0.664,0,0.59,0.508
1,0.491,0.225,0.074,0.067,0.182,0,0.02,0.173
1,0.099,0.05,0.021,0.01,0.009,0,0.0,0.031
0,0.564,0.178,0.121,0.052,0.097,0,0.05,0.169
0,0.196,0.173,0.285,0.126,0.067,0,0.11,0.141
0,0.292,0.336,0.232,0.134,0.384,0,0.07,0.23
0,0.641,0.534,0.667,0.246,0.302,0,0.51,0.398
0,0.555,0.291,0.114,0.109,0.126,0,0.27,0.199
0,0.555,0.457,0.379,0.17,0.228,0,0.25,0.298
0,0.173,0.206,0.053,0.054,0.108,0,0.09,0.099
0,0.39,0.408,0.357,0.181,0.188,0,0.04,0.254
0,0.121,0.06,0.015,0.016,0.005,0,0.0,0.036
0,0.426,0.388,0.59,0.188,0.299,0,0.26,0.315
0,0.444,0.352,0.234,0.172,0.191,0,0.03,0.232
0,0.355,0.698,0.83,0.488,0.806,0,0.53,0.529
0,0.343,0.065,0.028,0.019,0.014,0,0.0,0.078
0,0.338,0.13,0.056,0.027,0.045,0,0.0,0.099
0,0.454,0.447,0.515,0.238,0.779,0,0.19,0.406
0,0.476,0.251,0.091,0.056,0.156,0,0.03,0.172
1,0.48,0.506,0.514,0.288,0.652,0,0.38,0.407
0,0.413,0.291,0.288,0.091,0.087,0,0.12,0.195
0,0.792,0.423,0.442,0.139,0.639,0,0.04,0.406
0,0.25,0.06,0.022,0.027,0.017,0,0.01,0.063
0,0.617,0.381,0.469,0.138,0.35,0,0.22,0.326
0,0.291,0.138,0.054,0.049,0.024,0,0.01,0.093
0,0.106,0.062,0.071,0.037,0.008,0,0.04,0.047
0,0.197,0.241,0.14,0.133,0.073,0,0.14,0.131
0,0.52,0.288,0.105,0.07,0.11,0,0.06,0.182
0,0.643,0.365,0.256,0.156,0.339,0,0.15,0.293
0,0.36,0.146,0.059,0.046,0.108,0,0.06,0.12
0,0.54,0.262,0.087,0.051,0.308,0,0.04,0.208
0,0.454,0.217,0.069,0.062,0.106,0,0.09,0.151
0,0.211,0.169,0.16,0.083,0.114,0,0.05,0.123
0,0.108,0.051,0.017,0.008,0.013,0,0.0,0.033
0,0.437,0.466,0.644,0.322,0.545,0,0.19,0.402
0,0.6,0.402,0.688,0.142,0.35,0,0.15,0.364
1,0.793,0.823,0.968,0.954,0.973,0,0.93,0.752
1,0.843,0.788,0.933,0.588,0.93,0,0.62,0.68
0,0.311,0.496,0.684,0.346,0.501,0,0.46,0.39
0,0.448,0.339,0.282,0.159,0.226,0,0.07,0.242
0,0.572,0.444,0.391,0.153,0.228,0,0.39,0.298
1,0.824,0.741,0.967,0.856,0.963,0,0.83,0.725
0,0.255,0.189,0.074,0.031,0.104,0,0.06,0.109
0,0.146,0.179,0.052,0.027,0.106,0,0.09,0.085
0,0.536,0.457,0.192,0.241,0.353,0,0.22,0.297
1,0.558,0.559,0.389,0.254,0.346,0,0.34,0.351
0,0.597,0.316,0.363,0.076,0.177,0,0.21,0.255
0,0.423,0.084,0.084,0.019,0.018,0,0.02,0.105
0,0.278,0.06,0.05,0.016,0.007,0,0.05,0.068
1,0.15,0.292,0.286,0.115,0.136,0,0.1,0.163
0,0.305,0.22,0.323,0.07,0.126,0,0.11,0.174
0,0.326,0.085,0.051,0.025,0.022,0,0.01,0.085
0,0.77,0.326,0.14,0.209,0.208,0,0.26,0.276
0,0.793,0.817,0.921,0.787,0.936,0,0.78,0.709
0,0.348,0.239,0.058,0.035,0.033,0,0.1,0.119
0,0.357,0.124,0.071,0.013,0.031,0,0.0,0.099
0,0.406,0.25,0.3,0.105,0.272,0,0.15,0.222
0,0.327,0.156,0.193,0.049,0.272,0,0.1,0.166
0,0.358,0.256,0.072,0.076,0.152,0,0.05,0.152
1,0.183,0.065,0.03,0.019,0.047,0,0.01,0.057
0,0.251,0.278,0.245,0.157,0.128,0,0.26,0.177
0,0.229,0.175,0.054,0.051,0.108,0,0.09,0.103
0,0.249,0.161,0.064,0.064,0.036,0,0.04,0.096
0,0.47,0.349,0.318,0.155,0.307,0,0.15,0.267
0,0.503,0.334,0.421,0.199,0.252,0,0.28,0.285
0,0.327,0.348,0.39,0.3,0.267,0,0.19,0.272
0,0.159,0.116,0.032,0.017,0.066,0,0.04,0.065
0,0.379,0.393,0.362,0.151,0.256,0,0.29,0.257
0,0.517,0.408,0.528,0.287,0.407,0,0.55,0.358
1,0.591,0.897,0.974,0.959,0.99,0,1.0,0.735
0,0.487,0.701,0.793,0.69,0.768,0,0.48,0.573
0,0.667,0.133,0.048,0.025,0.039,0,0.02,0.152
0,0.437,0.225,0.277,0.075,0.248,0,0.12,0.21
1,0.386,0.769,0.951,0.931,0.97,0,0.76,0.668
1,0.759,0.501,0.864,0.324,0.658,0,0.3,0.518
0,0.303,0.186,0.065,0.034,0.13,0,0.1,0.12
0,0.565,0.648,0.865,0.501,0.835,0,0.76,0.569
1,0.879,0.683,0.93,0.803,0.908,0,0.94,0.701
1,0.657,0.529,0.593,0.181,0.688,0,0.35,0.441
1,0.534,0.747,0.9,0.795,0.853,0,0.92,0.638
0,0.142,0.102,0.254,0.041,0.129,0,0.09,0.112
0,0.653,0.552,0.508,0.257,0.451,0,0.49,0.403
0,0.365,0.176,0.123,0.046,0.109,0,0.0,0.136
0,0.361,0.296,0.083,0.049,0.064,0,0.05,0.142
0,0.628,0.337,0.142,0.1,0.423,0,0.05,0.272
1,0.467,0.547,0.865,0.369,0.591,0,0.29,0.473
1,0.617,0.778,0.971,0.915,0.951,0,0.95,0.705
0,0.38,0.112,0.042,0.022,0.044,0,0.09,0.1
0,0.093,0.045,0.012,0.02,0.021,0,0.0,0.032
0,0.485,0.31,0.099,0.066,0.084,0,0.15,0.174
0,0.521,0.177,0.234,0.058,0.366,0,0.12,0.226
0,0.317,0.167,0.115,0.038,0.14,0,0.07,0.129
0,0.2,0.215,0.188,0.057,0.171,0,0.12,0.139
0,0.301,0.112,0.023,0.025,0.015,0,0.04,0.079
0,0.186,0.088,0.022,0.037,0.014,0,0.0,0.058
1,0.682,0.568,0.805,0.298,0.468,0,0.44,0.47
0,0.605,0.544,0.794,0.407,0.38,0,0.45,0.455
0,0.177,0.164,0.168,0.102,0.137,0,0.07,0.125
0,0.309,0.112,0.04,0.016,0.01,0,0.01,0.081
0,0.251,0.375,0.403,0.21,0.295,0,0.13,0.255
0,0.124,0.056,0.028,0.02,0.03,0,0.0,0.043
0,0.16,0.292,0.198,0.15,0.12,0,0.19,0.153
0,0.243,0.323,0.313,0.112,0.227,0,0.09,0.203
1,0.559,0.843,0.963,0.941,0.96,0,0.87,0.711
1,0.852,0.9,0.964,0.917,0.995,0,0.98,0.771
0,0.22,0.146,0.022,0.029,0.033,0,0.07,0.075
0,0.339,0.077,0.081,0.018,0.048,0,0.0,0.094
0,0.634,0.437,0.38,0.207,0.243,0,0.14,0.317
1,0.728,0.735,0.634,0.387,0.623,0,0.57,0.518
0,0.611,0.27,0.29,0.194,0.247,0,0.1,0.269
0,0.197,0.149,0.016,0.027,0.013,0,0.09,0.067
0,0.139,0.103,0.031,0.03,0.02,0,0.01,0.054
0,0.515,0.149,0.14,0.046,0.201,0,0.1,0.175
0,0.803,0.57,0.546,0.366,0.657,0,0.3,0.49
0,0.503,0.483,0.499,0.272,0.752,0,0.26,0.418
0,0.667,0.502,0.473,0.278,0.361,0,0.31,0.38
0,0.439,0.263,0.17,0.101,0.111,0,0.0,0.181
0,0.391,0.198,0.16,0.06,0.064,0,0.02,0.145
1,0.735,0.606,0.451,0.323,0.307,0,0.2,0.404
0,0.29,0.238,0.372,0.092,0.311,0,0.11,0.217
0,0.145,0.176,0.034,0.032,0.015,0,0.04,0.067
0,0.179,0.141,0.155,0.031,0.123,0,0.01,0.105
0,0.285,0.167,0.166,0.08,0.15,0,0.04,0.141
0,0.629,0.725,0.849,0.712,0.477,0,0.34,0.565
0,0.395,0.277,0.175,0.06,0.208,0,0.19,0.186
0,0.563,0.457,0.39,0.247,0.386,0,0.19,0.341
0,0.417,0.075,0.044,0.026,0.013,0,0.0,0.096
0,0.518,0.604,0.702,0.387,0.557,0,0.38,0.461
0,0.539,0.257,0.094,0.051,0.196,0,0.05,0.189
1,0.741,0.847,0.821,0.685,0.739,0,0.46,0.639
0,0.171,0.255,0.267,0.095,0.161,0,0.14,0.158
0,0.314,0.26,0.039,0.028,0.097,0,0.08,0.123
0,0.423,0.297,0.15,0.126,0.248,0,0.2,0.207
0,0.521,0.59,0.64,0.405,0.741,0,0.6,0.483
0,0.385,0.133,0.086,0.028,0.037,0,0.02,0.112
1,0.543,0.608,0.626,0.273,0.732,0,0.26,0.464
0,0.775,0.373,0.113,0.148,0.086,0,0.04,0.249
0,0.354,0.151,0.091,0.044,0.049,0,0.01,0.115
0,0.173,0.051,0.021,0.016,0.008,0,0.0,0.045
1,0.339,0.362,0.487,0.168,0.148,0,0.13,0.251
1,0.456,0.291,0.335,0.106,0.229,0,0.09,0.236
0,0.36,0.091,0.024,0.022,0.008,0,0.03,0.084
0,0.33,0.148,0.136,0.045,0.039,0,0.02,0.116
0,0.463,0.226,0.204,0.135,0.259,0,0.05,0.215
1,0.584,0.514,0.6,0.386,0.271,0,0.34,0.392
0,0.607,0.68,0.616,0.382,0.514,0,0.43,0.466
0,0.385,0.381,0.553,0.159,0.156,0,0.29,0.272
0,0.508,0.647,0.83,0.551,0.766,0,0.77,0.55
1,0.54,0.759,0.961,0.781,0.939,0,0.7,0.663
1,0.553,0.785,0.963,0.957,0.964,0,0.62,0.704
0,0.172,0.304,0.314,0.194,0.361,0,0.1,0.224
1,0.932,0.901,0.96,0.926,0.934,0,0.82,0.776
0,0.208,0.058,0.019,0.023,0.01,0,0.0,0.053
0,0.339,0.117,0.048,0.016,0.011,0,0.0,0.089
0,0.159,0.319,0.254,0.084,0.265,0,0.08,0.18
0,0.622,0.406,0.227,0.195,0.284,0,0.36,0.289
0,0.698,0.689,0.76,0.308,0.725,0,0.31,0.53
0,0.429,0.211,0.033,0.044,0.135,0,0.07,0.142
1,0.535,0.699,0.634,0.345,0.456,0,0.37,0.445
0,0.148,0.066,0.022,0.019,0.011,0,0.01,0.044
0,0.483,0.143,0.323,0.033,0.239,0,0.17,0.204
0,0.643,0.46,0.475,0.206,0.45,0,0.2,0.372
0,0.353,0.26,0.319,0.096,0.141,0,0.2,0.195
0,0.704,0.397,0.454,0.163,0.4,0,0.22,0.353
1,0.715,0.316,0.191,0.126,0.219,0,0.12,0.261
0,0.16,0.201,0.131,0.068,0.156,0,0.0,0.119
0,0.297,0.08,0.045,0.011,0.018,0,0.0,0.075
0,0.339,0.156,0.063,0.033,0.132,0,0.09,0.12
0,0.139,0.081,0.022,0.014,0.02,0,0.0,0.046
0,0.527,0.585,0.559,0.299,0.511,0,0.37,0.413
0,0.285,0.077,0.028,0.016,0.024,0,0.0,0.072
1,0.88,0.838,0.97,0.827,0.979,0,0.86,0.749
1,0.519,0.558,0.735,0.367,0.682,0,0.5,0.477
0,0.353,0.286,0.095,0.069,0.062,0,0.14,0.144
0,0.606,0.603,0.75,0.37,0.658,0,0.69,0.498
0,0.274,0.228,0.368,0.173,0.083,0,0.21,0.188
0,0.348,0.336,0.439,0.074,0.447,0,0.08,0.274
1,0.215,0.601,0.936,0.688,0.938,0,0.5,0.563
0,0.628,0.663,0.711,0.494,0.638,0,0.46,0.523
0,0.678,0.313,0.292,0.083,0.275,0,0.16,0.274
0,0.142,0.071,0.053,0.017,0.055,0,0.01,0.056
0,0.344,0.326,0.218,0.226,0.084,0,0.16,0.2
1,0.289,0.239,0.105,0.094,0.047,0,0.06,0.129
0,0.311,0.283,0.081,0.077,0.13,0,0.1,0.147
0,0.463,0.318,0.094,0.071,0.084,0,0.08,0.172
0,0.29,0.3,0.324,0.128,0.234,0,0.13,0.213
0,0.559,0.204,0.139,0.032,0.163,0,0.06,0.183
0,0.435,0.535,0.601,0.242,0.622,0,0.28,0.406
0,0.173,0.14,0.032,0.027,0.166,0,0.03,0.09
0,0.491,0.124,0.059,0.039,0.062,0,0.01,0.129
0,0.228,0.255,0.157,0.065,0.105,0,0.01,0.135
0,0.765,0.786,0.796,0.692,0.799,0,0.73,0.64
0,0.816,0.561,0.484,0.42,0.721,0,0.37,0.5
0,0.743,0.149,0.096,0.061,0.046,0,0.05,0.182
0,0.378,0.194,0.039,0.032,0.123,0,0.07,0.128
0,0.377,0.091,0.079,0.02,0.021,0,0.01,0.098
0,0.441,0.224,0.129,0.068,0.093,0,0.05,0.159
0,0.158,0.121,0.045,0.026,0.012,0,0.01,0.06
1,0.67,0.222,0.1,0.042,0.056,0,0.04,0.182
1,0.802,0.82,0.945,0.831,0.919,0,0.78,0.72
0,0.138,0.21,0.36,0.165,0.073,0,0.14,0.158
0,0.602,0.396,0.101,0.146,0.058,0,0.13,0.217
0,0.33,0.41,0.353,0.126,0.574,0,0.2,0.299
0,0.456,0.194,0.03,0.038,0.09,0,0.07,0.135
0,0.604,0.429,0.387,0.082,0.261,0,0.16,0.294
0,0.338,0.093,0.033,0.023,0.025,0,0.02,0.085
0,0.377,0.174,0.156,0.045,0.082,0,0.03,0.139
0,0.177,0.057,0.049,0.015,0.028,0,0.0,0.054
0,0.465,0.626,0.863,0.761,0.918,0,0.72,0.606
0,0.129,0.122,0.023,0.04,0.048,0,0.02,0.061
1,0.704,0.864,0.9,0.824,0.971,0,0.73,0.71
1,0.608,0.539,0.559,0.37,0.352,0,0.41,0.405
1,0.543,0.336,0.776,0.284,0.324,0,0.19,0.377
0,0.353,0.384,0.61,0.138,0.548,0,0.09,0.339
0,0.208,0.114,0.042,0.014,0.033,0,0.0,0.069
0,0.59,0.555,0.607,0.444,0.61,0,0.54,0.468
1,0.695,0.801,0.988,0.928,0.91,0,0.93,0.72
0,0.324,0.18,0.119,0.039,0.09,0,0.03,0.125
0,0.533,0.569,0.706,0.394,0.73,0,0.67,0.489
0,0.133,0.044,0.017,0.017,0.006,0,0.0,0.036
0,0.174,0.069,0.052,0.024,0.037,0,0.01,0.059
0,0.377,0.097,0.037,0.023,0.021,0,0.0,0.093
0,0.257,0.164,0.076,0.038,0.063,0,0.01,0.099
0,0.515,0.683,0.86,0.351,0.687,0,0.2,0.516
0,0.274,0.075,0.026,0.028,0.059,0,0.01,0.077
1,0.902,0.918,0.991,0.979,0.996,0,0.92,0.797
0,0.74,0.524,0.526,0.33,0.215,0,0.15,0.389
0,0.244,0.177,0.097,0.055,0.111,0,0.13,0.114
0,0.398,0.188,0.037,0.058,0.037,0,0.12,0.12
0,0.355,0.067,0.036,0.02,0.016,0,0.0,0.082
0,0.28,0.23,0.128,0.047,0.18,0,0.05,0.144
0,0.311,0.213,0.417,0.084,0.187,0,0.07,0.202
1,0.298,0.798,0.931,0.905,0.956,0,0.86,0.648
1,0.358,0.373,0.448,0.195,0.693,0,0.1,0.345
0,0.565,0.615,0.752,0.434,0.883,0,0.5,0.541
0,0.127,0.079,0.025,0.019,0.033,0,0.0,0.047
0,0.377,0.108,0.042,0.031,0.03,0,0.0,0.098
0,0.662,0.451,0.294,0.307,0.259,0,0.23,0.329
0,0.116,0.052,0.038,0.013,0.031,0,0.0,0.042
1,0.595,0.617,0.391,0.296,0.755,0,0.25,0.442
0,0.54,0.277,0.258,0.113,0.386,0,0.05,0.262
0,0.329,0.103,0.038,0.024,0.023,0,0.0,0.086
0,0.347,0.541,0.681,0.48,0.643,0,0.53,0.449
0,0.447,0.145,0.076,0.025,0.064,0,0.0,0.126
0,0.634,0.473,0.29,0.222,0.449,0,0.29,0.345
0,0.308,0.376,0.474,0.098,0.454,0,0.14,0.285
1,0.868,0.948,0.976,0.891,0.99,0,0.94,0.779
0,0.152,0.06,0.032,0.014,0.004,0,0.02,0.044
0,0.531,0.579,0.78,0.436,0.503,0,0.57,0.472
0,0.315,0.249,0.326,0.045,0.048,0,0.04,0.164
1,0.774,0.799,0.865,0.765,0.917,0,0.87,0.687
1,0.389,0.272,0.22,0.064,0.088,0,0.06,0.172
0,0.346,0.094,0.057,0.025,0.031,0,0.04,0.092
0,0.093,0.054,0.015,0.015,0.005,0,0.0,0.031
0,0.406,0.161,0.171,0.083,0.135,0,0.02,0.159
0,0.286,0.174,0.138,0.04,0.048,0,0.02,0.114
0,0.282,0.131,0.293,0.069,0.04,0,0.04,0.136
0,0.104,0.049,0.012,0.012,0.005,0,0.01,0.03
1,0.805,0.92,0.966,0.85,0.991,0,0.96,0.755
0,0.549,0.224,0.055,0.031,0.041,0,0.07,0.15
0,0.832,0.152,0.257,0.103,0.044,0,0.27,0.231
0,0.153,0.06,0.031,0.012,0.013,0,0.01,0.045
0,0.485,0.405,0.51,0.351,0.327,0,0.42,0.346
0,0.389,0.136,0.061,0.025,0.145,0,0.05,0.126
0,0.5,0.28,0.395,0.123,0.096,0,0.06,0.233
0,0.651,0.296,0.226,0.094,0.311,0,0.16,0.263
1,0.639,0.737,0.741,0.662,0.894,0,0.46,0.612
0,0.415,0.279,0.16,0.076,0.197,0,0.09,0.188
0,0.167,0.069,0.016,0.014,0.007,0,0.0,0.046
1,0.627,0.808,0.978,0.925,0.983,0,0.99,0.72
0,0.168,0.128,0.026,0.02,0.068,0,0.06,0.068
0,0.291,0.082,0.033,0.016,0.024,0,0.01,0.075
0,0.32,0.199,0.178,0.066,0.191,0,0.13,0.159
0,0.586,0.214,0.05,0.04,0.041,0,0.1,0.155
0,0.677,0.31,0.088,0.118,0.106,0,0.1,0.216
0,0.854,0.268,0.067,0.128,0.132,0,0.06,0.241
0,0.699,0.589,0.934,0.676,0.954,0,0.74,0.642
0,0.402,0.387,0.449,0.155,0.297,0,0.3,0.282
0,0.51,0.479,0.324,0.152,0.148,0,0.27,0.269
0,0.465,0.268,0.218,0.13,0.443,0,0.09,0.254
0,0.666,0.613,0.856,0.513,0.719,0,0.64,0.561
0,0.71,0.569,0.719,0.24,0.675,0,0.44,0.486
0,0.57,0.743,0.82,0.55,0.612,0,0.44,0.549
0,0.472,0.201,0.125,0.068,0.067,0,0.04,0.156
0,0.13,0.059,0.03,0.013,0.006,0,0.0,0.04
0,0.17,0.129,0.039,0.079,0.023,0,0.03,0.073
0,0.487,0.383,0.486,0.099,0.204,0,0.25,0.277
0,0.342,0.327,0.435,0.127,0.238,0,0.14,0.245
0,0.164,0.078,0.021,0.013,0.004,0,0.0,0.047
0,0.282,0.228,0.122,0.073,0.061,0,0.05,0.128
0,0.667,0.732,0.812,0.571,0.825,0,0.7,0.601
0,0.535,0.274,0.129,0.079,0.308,0,0.09,0.221
0,0.665,0.453,0.691,0.322,0.227,0,0.22,0.393
0,0.567,0.326,0.399,0.107,0.166,0,0.05,0.261
0,0.597,0.546,0.369,0.307,0.542,0,0.44,0.393
0,0.373,0.27,0.077,0.05,0.108,0,0.02,0.146
0,0.365,0.205,0.071,0.092,0.085,0,0.07,0.136
1,0.315,0.249,0.128,0.1,0.365,0,0.13,0.193
0,0.525,0.354,0.344,0.18,0.34,0,0.12,0.291
1,0.908,0.946,0.961,0.91,0.988,0,0.69,0.785
0,0.444,0.131,0.026,0.028,0.105,0,0.11,0.122
0,0.24,0.11,0.023,0.026,0.033,0,0.03,0.072
0,0.21,0.079,0.04,0.027,0.058,0,0.0,0.069
1,0.556,0.738,0.828,0.665,0.843,0,0.77,0.605
0,0.523,0.318,0.367,0.202,0.324,0,0.14,0.289
0,0.599,0.376,0.253,0.223,0.309,0,0.4,0.294
0,0.713,0.568,0.73,0.438,0.756,0,0.73,0.534
0,0.586,0.594,0.489,0.464,0.4,0,0.39,0.422
0,0.555,0.304,0.112,0.088,0.077,0,0.21,0.189
0,0.367,0.126,0.018,0.021,0.006,0,0.03,0.09
0,0.289,0.168,0.099,0.04,0.121,0,0.01,0.119
0,0.581,0.631,0.703,0.333,0.755,0,0.44,0.501
0,0.491,0.168,0.049,0.032,0.071,0,0.15,0.135
1,0.577,0.668,0.638,0.349,0.309,0,0.43,0.423
0,0.188,0.098,0.043,0.036,0.031,0,0.0,0.066
1,0.346,0.095,0.094,0.03,0.05,0,0.01,0.103
0,0.596,0.429,0.258,0.253,0.43,0,0.26,0.328
0,0.25,0.196,0.369,0.075,0.159,0,0.11,0.175
0,0.57,0.347,0.118,0.072,0.239,0,0.09,0.224
0,0.382,0.193,0.076,0.049,0.079,0,0.02,0.13
1,0.726,0.876,0.924,0.811,0.974,0,0.71,0.719
0,0.741,0.212,0.13,0.038,0.027,0,0.07,0.191
1,0.79,0.815,0.899,0.698,0.835,0,0.85,0.673
0,0.406,0.481,0.518,0.332,0.616,0,0.27,0.392
0,0.523,0.438,0.268,0.19,0.403,0,0.21,0.304
1,0.764,0.639,0.669,0.367,0.754,0,0.38,0.532
0,0.249,0.14,0.159,0.085,0.163,0,0.02,0.133
0,0.326,0.214,0.264,0.058,0.134,0,0.07,0.166
0,0.36,0.266,0.148,0.107,0.118,0,0.18,0.166
0,0.948,0.147,0.034,0.065,0.02,0,0.02,0.203
0,0.17,0.077,0.086,0.027,0.05,0,0.0,0.068
0,0.141,0.077,0.037,0.015,0.01,0,0.0,0.047
0,0.682,0.284,0.183,0.094,0.115,0,0.08,0.226
0,0.226,0.132,0.033,0.058,0.059,0,0.01,0.085
0,0.343,0.092,0.078,0.018,0.074,0,0.03,0.101
0,0.683,0.638,0.728,0.346,0.703,0,0.72,0.516
0,0.617,0.519,0.372,0.2,0.589,0,0.54,0.383
1,0.418,0.661,0.868,0.867,0.862,0,0.8,0.613
1,0.598,0.605,0.664,0.505,0.615,0,0.51,0.498
0,0.108,0.084,0.036,0.026,0.026,0,0.0,0.047
0,0.211,0.06,0.023,0.014,0.009,0,0.08,0.053
0,0.765,0.495,0.297,0.205,0.224,0,0.09,0.331
0,0.463,0.237,0.027,0.067,0.089,0,0.15,0.147
0,0.277,0.263,0.144,0.094,0.049,0,0.01,0.138
0,0.557,0.285,0.07,0.122,0.083,0,0.05,0.186
0,0.478,0.486,0.283,0.198,0.591,0,0.31,0.339
0,0.316,0.092,0.032,0.032,0.032,0,0.02,0.084
0,0.26,0.168,0.057,0.072,0.033,0,0.08,0.098
1,0.848,0.803,0.926,0.915,0.978,0,0.99,0.745
0,0.728,0.537,0.81,0.544,0.817,0,0.42,0.572
0,0.425,0.411,0.398,0.166,0.303,0,0.24,0.284
0,0.292,0.332,0.174,0.205,0.266,0,0.04,0.212
0,0.239,0.06,0.023,0.015,0.017,0,0.1,0.059
0,0.185,0.088,0.04,0.036,0.016,0,0.0,0.061
0,0.284,0.146,0.022,0.014,0.019,0,0.06,0.081
0,0.504,0.548,0.648,0.309,0.735,0,0.52,0.458
0,0.136,0.139,0.034,0.03,0.056,0,0.12,0.066
0,0.17,0.058,0.017,0.013,0.004,0,0.0,0.044
0,0.531,0.27,0.246,0.057,0.107,0,0.08,0.202
0,0.214,0.077,0.026,0.038,0.025,0,0.04,0.063
0,0.254,0.112,0.063,0.028,0.043,0,0.0,0.083
0,0.661,0.354,0.434,0.115,0.184,0,0.07,0.291
0,0.082,0.05,0.022,0.009,0.003,0,0.0,0.028
0,0.24,0.074,0.034,0.042,0.033,0,0.0,0.071
0,0.433,0.117,0.113,0.028,0.092,0,0.0,0.131
0,0.412,0.227,0.085,0.096,0.049,0,0.04,0.145
0,0.349,0.096,0.041,0.019,0.061,0,0.0,0.094
0,0.21,0.091,0.087,0.053,0.011,0,0.01,0.075
0,0.414,0.308,0.363,0.119,0.137,0,0.1,0.224
0,0.685,0.229,0.095,0.056,0.015,0,0.1,0.18
0,0.636,0.459,0.614,0.249,0.321,0,0.19,0.38
0,0.303,0.294,0.246,0.064,0.04,0,0.06,0.158
0,0.524,0.278,0.102,0.069,0.105,0,0.09,0.18
0,0.14,0.181,0.161,0.048,0.034,0,0.02,0.094
0,0.32,0.285,0.124,0.048,0.07,0,0.07,0.141
0,0.505,0.455,0.63,0.215,0.617,0,0.48,0.404
0,0.6,0.319,0.154,0.133,0.085,0,0.05,0.215
0,0.614,0.345,0.275,0.097,0.529,0,0.02,0.31
0,0.187,0.17,0.093,0.031,0.175,0,0.09,0.109
0,0.701,0.266,0.24,0.164,0.186,0,0.18,0.259
0,0.611,0.787,0.883,0.615,0.918,0,0.73,0.636
0,0.838,0.334,0.126,0.191,0.224,0,0.15,0.286
0,0.906,0.115,0.023,0.03,0.04,0,0.04,0.186
1,0.536,0.217,0.145,0.06,0.079,0,0.02,0.173
1,0.881,0.831,0.9,0.857,0.912,0,0.75,0.73
1,0.686,0.566,0.355,0.266,0.396,0,0.31,0.378
0,0.241,0.128,0.146,0.076,0.095,0,0.01,0.114
0,0.367,0.146,0.03,0.022,0.044,0,0.05,0.102
0,0.28,0.118,0.046,0.019,0.092,0,0.0,0.093
0,0.177,0.064,0.043,0.021,0.03,0,0.0,0.056
0,0.316,0.187,0.088,0.07,0.063,0,0.05,0.121
1,0.642,0.516,0.646,0.237,0.44,0,0.57,0.414
0,0.156,0.165,0.071,0.041,0.019,0,0.01,0.076
0,0.289,0.081,0.029,0.021,0.01,0,0.0,0.072
0,0.739,0.595,0.59,0.28,0.426,0,0.23,0.438
1,0.457,0.235,0.172,0.091,0.107,0,0.05,0.177
0,0.195,0.066,0.022,0.019,0.011,0,0.01,0.052
1,0.5,0.774,0.97,0.927,0.984,0,0.97,0.693
0,0.447,0.353,0.367,0.272,0.203,0,0.15,0.274
0,0.735,0.347,0.394,0.117,0.239,0,0.19,0.305
0,0.182,0.091,0.087,0.023,0.122,0,0.07,0.084
0,0.339,0.121,0.038,0.02,0.043,0,0.0,0.094
0,0.552,0.304,0.159,0.059,0.099,0,0.12,0.196
0,0.239,0.238,0.094,0.076,0.162,0,0.04,0.135
1,0.69,0.811,0.909,0.808,0.784,0,0.83,0.667
0,0.559,0.185,0.075,0.034,0.037,0,0.04,0.148
0,0.329,0.376,0.245,0.107,0.23,0,0.07,0.214
0,0.48,0.36,0.503,0.096,0.226,0,0.32,0.278
0,0.261,0.14,0.104,0.036,0.049,0,0.0,0.098
0,0.399,0.119,0.075,0.031,0.028,0,0.03,0.108
0,0.39,0.225,0.187,0.061,0.215,0,0.08,0.18
0,0.189,0.109,0.028,0.028,0.009,0,0.01,0.06
0,0.438,0.116,0.046,0.029,0.013,0,0.01,0.107
0,0.295,0.453,0.596,0.225,0.645,0,0.15,0.369
0,0.183,0.06,0.024,0.017,0.01,0,0.06,0.049
0,0.593,0.745,0.867,0.664,0.719,0,0.33,0.598
1,0.524,0.489,0.37,0.142,0.443,0,0.22,0.328
0,0.485,0.262,0.05,0.049,0.039,0,0.25,0.148
0,0.278,0.153,0.142,0.05,0.39,0,0.05,0.169
1,0.62,0.925,0.99,0.962,0.992,0,1.0,0.748
0,0.721,0.58,0.57,0.343,0.594,0,0.5,0.468
0,0.252,0.167,0.05,0.031,0.04,0,0.11,0.09
1,0.567,0.573,0.591,0.198,0.399,0,0.14,0.388
0,0.261,0.196,0.111,0.065,0.027,0,0.17,0.11
0,0.288,0.152,0.179,0.095,0.346,0,0.08,0.177
0,0.446,0.238,0.164,0.033,0.093,0,0.27,0.162
0,0.304,0.143,0.121,0.051,0.062,0,0.01,0.113
0,0.197,0.082,0.066,0.018,0.017,0,0.0,0.063
0,0.191,0.127,0.037,0.019,0.019,0,0.02,0.066
0,0.263,0.146,0.112,0.039,0.036,0,0.04,0.099
0,0.298,0.071,0.022,0.026,0.005,0,0.03,0.07
0,0.318,0.22,0.144,0.059,0.068,0,0.01,0.135
0,0.276,0.153,0.104,0.072,0.084,0,0.07,0.115
0,0.507,0.457,0.595,0.225,0.655,0,0.3,0.407
0,0.302,0.235,0.183,0.1,0.165,0,0.03,0.164
1,0.313,0.198,0.092,0.088,0.093,0,0.2,0.131
0,0.366,0.254,0.492,0.18,0.212,0,0.21,0.251
0,0.646,0.765,0.852,0.541,0.74,0,0.68,0.591
0,0.42,0.191,0.152,0.056,0.106,0,0.05,0.154
0,0.767,0.792,0.869,0.642,0.63,0,0.55,0.616
0,0.313,0.087,0.085,0.028,0.019,0,0.01,0.089
0,0.55,0.565,0.64,0.272,0.57,0,0.42,0.433
0,0.461,0.266,0.231,0.06,0.164,0,0.11,0.197
0,0.49,0.324,0.133,0.15,0.21,0,0.23,0.218
0,0.594,0.537,0.534,0.197,0.641,0,0.37,0.417
1,0.82,0.809,0.826,0.651,0.825,0,0.76,0.655
1,0.957,0.887,0.912,0.886,0.925,0,0.54,0.761
0,0.28,0.107,0.066,0.02,0.051,0,0.0,0.087
1,0.129,0.187,0.248,0.076,0.037,0,0.11,0.113
0,0.151,0.16,0.151,0.059,0.07,0,0.03,0.099
1,0.723,0.878,0.965,0.917,0.993,0,0.99,0.746
0,0.152,0.05,0.02,0.012,0.02,0,0.0,0.042
0,0.655,0.354,0.029,0.071,0.056,0,0.08,0.194
0,0.189,0.065,0.011,0.014,0.006,0,0.01,0.048
1,0.689,0.7,0.979,0.939,0.929,0,0.93,0.706
0,0.933,0.321,0.122,0.174,0.133,0,0.06,0.28
0,0.412,0.325,0.227,0.073,0.389,0,0.18,0.238
0,0.924,0.24,0.056,0.08,0.024,0,0.08,0.221
0,0.133,0.262,0.221,0.141,0.364,0,0.07,0.187
1,0.8,0.829,0.774,0.745,0.888,0,0.51,0.673
0,0.375,0.33,0.164,0.168,0.124,0,0.19,0.194
0,0.521,0.241,0.129,0.12,0.226,0,0.02,0.206
0,0.357,0.352,0.221,0.128,0.141,0,0.31,0.2
1,0.491,0.319,0.496,0.182,0.4,0,0.42,0.315
0,0.45,0.247,0.232,0.118,0.196,0,0.06,0.207
0,0.582,0.357,0.305,0.108,0.218,0,0.18,0.262
0,0.513,0.152,0.051,0.034,0.058,0,0.04,0.134
0,0.305,0.247,0.085,0.091,0.057,0,0.04,0.131
0,0.293,0.083,0.039,0.031,0.035,0,0.02,0.08
0,0.303,0.215,0.127,0.059,0.113,0,0.03,0.136
0,0.262,0.159,0.074,0.052,0.049,0,0.02,0.099
0,0.193,0.074,0.027,0.02,0.021,0,0.0,0.056
0,0.342,0.202,0.043,0.074,0.06,0,0.07,0.12
0,0.517,0.204,0.118,0.055,0.122,0,0.08,0.169
0,0.295,0.187,0.085,0.05,0.045,0,0.16,0.11
0,0.277,0.169,0.114,0.051,0.043,0,0.24,0.109
0,0.76,0.246,0.116,0.043,0.129,0,0.07,0.216
0,0.14,0.148,0.068,0.046,0.045,0,0.04,0.075
0,0.416,0.119,0.104,0.024,0.062,0,0.0,0.121
0,0.466,0.346,0.316,0.117,0.206,0,0.05,0.242
1,0.311,0.275,0.342,0.077,0.061,0,0.04,0.178
1,0.287,0.457,0.612,0.202,0.744,0,0.18,0.384
1,0.52,0.498,0.569,0.477,0.736,0,0.25,0.467
0,0.58,0.372,0.282,0.133,0.216,0,0.27,0.264
1,0.51,0.782,0.974,0.934,0.955,0,0.95,0.693
0,0.419,0.085,0.047,0.009,0.005,0,0.04,0.094
0,0.196,0.106,0.064,0.046,0.08,0,0.0,0.082
0,0.68,0.655,0.736,0.244,0.871,0,0.45,0.531
1,0.837,0.864,0.903,0.868,0.898,0,0.87,0.728
0,0.182,0.281,0.293,0.108,0.313,0,0.19,0.196
1,0.713,0.547,0.69,0.244,0.551,0,0.37,0.457
0,0.163,0.122,0.031,0.033,0.032,0,0.04,0.063
0,0.2,0.236,0.186,0.052,0.077,0,0.17,0.125
0,0.49,0.305,0.175,0.072,0.276,0,0.25,0.22
0,0.312,0.318,0.157,0.105,0.093,0,0.04,0.164
0,0.11,0.065,0.034,0.035,0.006,0,0.01,0.042
1,0.32,0.757,0.933,0.691,0.922,0,0.78,0.604
0,0.39,0.236,0.089,0.045,0.151,0,0.06,0.152
0,0.193,0.316,0.275,0.105,0.238,0,0.08,0.188
0,0.125,0.054,0.024,0.012,0.018,0,0.0,0.039
0,0.451,0.111,0.059,0.033,0.024,0,0.01,0.113
1,0.097,0.255,0.17,0.227,0.153,0,0.16,0.15
0,0.604,0.608,0.73,0.341,0.736,0,0.69,0.503
0,0.559,0.233,0.293,0.097,0.309,0,0.04,0.249
0,0.238,0.181,0.089,0.038,0.276,0,0.05,0.137
0,0.803,0.197,0.052,0.034,0.021,0,0.01,0.185
0,0.394,0.38,0.288,0.257,0.176,0,0.18,0.249
0,0.157,0.06,0.011,0.011,0.009,0,0.01,0.041
0,0.287,0.386,0.56,0.262,0.457,0,0.3,0.325
0,0.605,0.408,0.361,0.132,0.464,0,0.09,0.328
1,0.336,0.315,0.381,0.158,0.288,0,0.13,0.247
0,0.288,0.202,0.1,0.063,0.059,0,0.09,0.119
0,0.219,0.225,0.25,0.07,0.262,0,0.08,0.171
0,0.438,0.108,0.047,0.028,0.012,0,0.0,0.105
1,0.774,0.758,0.932,0.783,0.937,0,0.78,0.697
0,0.56,0.329,0.315,0.434,0.337,0,0.25,0.329
0,0.314,0.11,0.058,0.023,0.011,0,0.0,0.086
0,0.431,0.306,0.076,0.101,0.069,0,0.07,0.164
0,0.301,0.373,0.592,0.256,0.432,0,0.26,0.326
0,0.754,0.771,0.82,0.472,0.718,0,0.48,0.589
0,0.44,0.258,0.104,0.083,0.08,0,0.15,0.161
1,0.434,0.274,0.169,0.094,0.096,0,0.01,0.178
0,0.504,0.205,0.229,0.058,0.101,0,0.03,0.183
0,0.135,0.083,0.02,0.02,0.002,0,0.0,0.043
0,0.412,0.544,0.805,0.391,0.699,0,0.44,0.475
0,0.404,0.418,0.41,0.203,0.612,0,0.16,0.341
0,0.162,0.053,0.023,0.011,0.011,0,0.0,0.043
0,0.439,0.239,0.302,0.139,0.138,0,0.13,0.21
0,0.256,0.331,0.44,0.225,0.419,0,0.25,0.279
0,0.276,0.089,0.027,0.03,0.073,0,0.08,0.083
0,0.794,0.573,0.734,0.316,0.368,0,0.33,0.464
0,0.302,0.244,0.119,0.052,0.062,0,0.03,0.13
0,0.452,0.205,0.134,0.172,0.329,0,0.17,0.215
1,0.972,0.775,0.912,0.704,0.938,0,0.45,0.717
1,0.666,0.79,0.824,0.595,0.781,0,0.53,0.609
0,0.699,0.561,0.486,0.24,0.516,0,0.51,0.417
0,0.422,0.41,0.414,0.275,0.754,0,0.05,0.379
0,0.786,0.862,0.915,0.782,0.943,0,0.87,0.715
1,0.863,0.919,0.988,0.963,0.994,0,1.0,0.788
1,0.584,0.534,0.754,0.735,0.718,0,0.49,0.554
0,0.56,0.313,0.263,0.104,0.072,0,0.16,0.219
0,0.879,0.523,0.633,0.403,0.262,0,0.29,0.45
0,0.279,0.317,0.346,0.27,0.201,0,0.18,0.235
0,0.433,0.131,0.105,0.037,0.098,0,0.02,0.134
0,0.471,0.238,0.195,0.132,0.364,0,0.11,0.233
0,0.301,0.384,0.416,0.4,0.61,0,0.15,0.352
0,0.432,0.336,0.422,0.096,0.456,0,0.25,0.29
1,0.684,0.459,0.868,0.641,0.717,0,0.51,0.562
1,0.42,0.346,0.225,0.133,0.239,0,0.13,0.227
1,0.427,0.752,0.98,0.855,0.899,0,0.83,0.652
1,0.418,0.718,0.965,0.942,0.901,0,0.82,0.657
1,0.164,0.242,0.128,0.085,0.233,0,0.02,0.142
0,0.189,0.064,0.039,0.015,0.008,0,0.0,0.052
0,0.528,0.148,0.121,0.038,0.076,0,0.03,0.152
0,0.72,0.86,0.921,0.809,0.963,0,0.58,0.712
0,0.456,0.218,0.117,0.046,0.041,0,0.13,0.146
0,0.168,0.192,0.084,0.053,0.074,0,0.12,0.095
0,0.13,0.213,0.155,0.12,0.311,0,0.06,0.155
0,0.403,0.241,0.214,0.14,0.216,0,0.06,0.202
1,0.338,0.108,0.025,0.03,0.072,0,0.13,0.096
0,0.22,0.083,0.042,0.019,0.049,0,0.0,0.069
0,0.208,0.117,0.093,0.023,0.041,0,0.02,0.08
0,0.284,0.214,0.119,0.044,0.064,0,0.03,0.121
0,0.391,0.089,0.047,0.011,0.007,0,0.04,0.091
0,0.569,0.231,0.036,0.033,0.052,0,0.03,0.154
0,0.8,0.181,0.04,0.046,0.038,0,0.04,0.184
0,0.166,0.243,0.122,0.121,0.162,0,0.11,0.136
0,0.253,0.203,0.027,0.059,0.017,0,0.04,0.093
0,0.688,0.337,0.273,0.151,0.141,0,0.07,0.265
0,0.347,0.31,0.342,0.13,0.196,0,0.11,0.221
1,0.741,0.921,0.973,0.957,0.997,0,1.0,0.765
0,0.229,0.184,0.163,0.047,0.119,0,0.02,0.124
0,0.576,0.419,0.328,0.159,0.381,0,0.18,0.311
0,0.812,0.318,0.122,0.069,0.108,0,0.09,0.238
0,0.24,0.097,0.048,0.031,0.01,0,0.0,0.071
0,0.854,0.731,0.85,0.657,0.829,0,0.65,0.653
0,0.248,0.089,0.035,0.015,0.027,0,0.01,0.069
1,0.782,0.907,0.988,0.966,0.984,0,1.0,0.771
0,0.525,0.203,0.102,0.06,0.141,0,0.06,0.172
1,0.431,0.766,0.964,0.862,0.857,0,0.65,0.647
1,0.931,0.933,0.974,0.923,0.968,0,0.78,0.788
0,0.424,0.454,0.459,0.246,0.449,0,0.26,0.339
1,0.423,0.26,0.194,0.094,0.074,0,0.05,0.174
0,0.365,0.364,0.365,0.135,0.114,0,0.13,0.224
0,0.445,0.176,0.174,0.043,0.179,0,0.04,0.169
0,0.269,0.171,0.145,0.072,0.26,0,0.13,0.153
1,0.814,0.551,0.591,0.455,0.613,0,0.31,0.504
1,0.82,0.855,0.842,0.73,0.82,0,0.49,0.678
1,0.87,0.93,0.95,0.863,0.968,0,0.95,0.764
0,0.86,0.258,0.071,0.068,0.095,0,0.0,0.225
0,0.658,0.464,0.377,0.18,0.53,0,0.12,0.368
1,0.889,0.937,0.962,0.922,0.956,0,0.85,0.778
1,0.727,0.762,0.922,0.837,0.872,0,0.66,0.687
1,0.908,0.868,0.935,0.882,0.958,0,0.83,0.758
0,0.671,0.17,0.056,0.055,0.034,0,0.13,0.164
0,0.421,0.354,0.484,0.436,0.273,0,0.32,0.328
0,0.224,0.07,0.067,0.026,0.033,0,0.0,0.07
0,0.437,0.16,0.043,0.03,0.024,0,0.05,0.116
0,0.107,0.073,0.012,0.028,0.017,0,0.0,0.039
0,0.167,0.251,0.159,0.105,0.037,0,0.05,0.12
0,0.198,0.189,0.082,0.02,0.077,0,0.11,0.094
0,0.101,0.175,0.115,0.053,0.135,0,0.21,0.096
0,0.146,0.124,0.073,0.024,0.045,0,0.05,0.069
0,0.535,0.66,0.728,0.242,0.54,0,0.36,0.451
0,0.317,0.172,0.082,0.046,0.042,0,0.04,0.11
1,0.444,0.334,0.23,0.117,0.293,0,0.2,0.236
0,0.279,0.389,0.581,0.183,0.63,0,0.11,0.344
0,0.365,0.274,0.173,0.061,0.15,0,0.18,0.171
1,0.853,0.329,0.203,0.059,0.395,0,0.2,0.307
0,0.304,0.13,0.053,0.035,0.035,0,0.01,0.093
0,0.221,0.166,0.107,0.028,0.016,0,0.02,0.09
0,0.184,0.197,0.139,0.071,0.142,0,0.08,0.122
0,0.255,0.121,0.054,0.036,0.033,0,0.0,0.083
0,0.455,0.307,0.154,0.127,0.116,0,0.07,0.193
0,0.408,0.324,0.318,0.101,0.24,0,0.09,0.232
1,0.389,0.597,0.772,0.395,0.815,0,0.34,0.495
0,0.512,0.379,0.145,0.073,0.257,0,0.11,0.228
0,0.425,0.215,0.083,0.054,0.087,0,0.03,0.144
0,0.282,0.195,0.051,0.061,0.195,0,0.09,0.131
0,0.848,0.17,0.02,0.045,0.011,0,0.04,0.182
0,0.194,0.164,0.048,0.027,0.093,0,0.05,0.088
0,0.187,0.085,0.036,0.018,0.043,0,0.01,0.061
0,0.29,0.067,0.036,0.037,0.012,0,0.05,0.074
0,0.306,0.222,0.232,0.071,0.04,0,0.01,0.145
0,0.523,0.302,0.311,0.123,0.069,0,0.06,0.221
0,0.631,0.653,0.475,0.457,0.472,0,0.42,0.448
0,0.383,0.095,0.113,0.018,0.048,0,0.0,0.109
0,0.367,0.246,0.13,0.047,0.133,0,0.15,0.154
0,0.505,0.298,0.399,0.116,0.247,0,0.14,0.261
0,0.777,0.161,0.056,0.047,0.025,0,0.03,0.178
0,0.354,0.164,0.108,0.059,0.03,0,0.04,0.119
0,0.514,0.384,0.399,0.153,0.235,0,0.55,0.281
0,0.51,0.481,0.197,0.188,0.5,0,0.25,0.313
0,0.276,0.198,0.088,0.057,0.045,0,0.13,0.111
1,0.504,0.441,0.433,0.321,0.779,0,0.11,0.413
0,0.156,0.075,0.024,0.011,0.004,0,0.02,0.045
0,0.415,0.343,0.144,0.186,0.334,0,0.07,0.237
1,0.162,0.315,0.3,0.127,0.442,0,0.14,0.224
0,0.693,0.593,0.834,0.369,0.409,0,0.6,0.483
1,0.389,0.712,0.877,0.554,0.906,0,0.46,0.573
1,0.668,0.613,0.771,0.451,0.573,0,0.55,0.513
0,0.261,0.134,0.105,0.044,0.126,0,0.01,0.112
1,0.617,0.485,0.535,0.137,0.496,0,0.06,0.378
0,0.341,0.071,0.041,0.02,0.022,0,0.0,0.082
1,0.817,0.79,0.957,0.84,0.953,0,0.74,0.726
1,0.78,0.732,0.953,0.662,0.886,0,0.73,0.669
1,0.47,0.367,0.714,0.34,0.566,0,0.35,0.409
1,0.577,0.513,0.803,0.384,0.525,0,0.41,0.467
0,0.207,0.285,0.215,0.103,0.284,0,0.17,0.182
0,0.127,0.053,0.034,0.019,0.008,0,0.0,0.04
0,0.536,0.296,0.098,0.057,0.3,0,0.34,0.214
1,0.775,0.826,0.979,0.961,0.99,0,0.99,0.755
0,0.408,0.144,0.127,0.089,0.225,0,0.01,0.165
0,0.695,0.394,0.313,0.18,0.512,0,0.26,0.349
0,0.225,0.236,0.209,0.129,0.287,0,0.09,0.181
1,0.467,0.449,0.408,0.33,0.801,0,0.12,0.409
0,0.254,0.327,0.381,0.156,0.326,0,0.23,0.241
0,0.156,0.052,0.026,0.013,0.012,0,0.0,0.043
1,0.61,0.607,0.716,0.557,0.734,0,0.49,0.537
0,0.299,0.303,0.372,0.097,0.087,0,0.1,0.193
1,0.581,0.549,0.487,0.189,0.7,0,0.15,0.418
0,0.273,0.131,0.05,0.056,0.148,0,0.05,0.11
0,0.308,0.314,0.311,0.083,0.16,0,0.06,0.196
1,0.765,0.745,0.782,0.617,0.795,0,0.81,0.617
1,0.332,0.706,0.941,0.934,0.913,0,0.74,0.638
0,0.421,0.466,0.622,0.326,0.682,0,0.06,0.419
0,0.473,0.187,0.106,0.039,0.157,0,0.01,0.16
0,0.532,0.498,0.709,0.294,0.655,0,0.42,0.448
1,0.603,0.787,0.886,0.742,0.917,0,0.63,0.656
0,0.432,0.198,0.125,0.078,0.126,0,0.06,0.16
0,0.241,0.093,0.052,0.039,0.043,0,0.02,0.078
0,0.19,0.287,0.352,0.176,0.644,0,0.2,0.275
0,0.484,0.5,0.513,0.234,0.621,0,0.38,0.392
0,0.305,0.26,0.056,0.072,0.062,0,0.09,0.126
0,0.209,0.4,0.661,0.356,0.534,0,0.39,0.36
0,0.413,0.196,0.051,0.062,0.069,0,0.04,0.132
0,0.795,0.34,0.17,0.379,0.115,0,0.07,0.3
0,0.135,0.055,0.031,0.014,0.029,0,0.0,0.044
0,0.313,0.167,0.069,0.043,0.088,0,0.02,0.114
1,0.86,0.829,0.964,0.76,0.934,0,0.91,0.725
0,0.584,0.342,0.181,0.147,0.125,0,0.04,0.23
0,0.698,0.263,0.228,0.067,0.196,0,0.12,0.242
1,0.713,0.724,0.872,0.792,0.885,0,0.76,0.664
1,0.636,0.774,0.869,0.631,0.911,0,0.79,0.637
0,0.492,0.404,0.271,0.148,0.326,0,0.22,0.274
0,0.152,0.068,0.007,0.013,0.003,0,0.02,0.04
0,0.349,0.381,0.721,0.243,0.242,0,0.25,0.323
0,0.248,0.613,0.803,0.446,0.85,0,0.22,0.493
0,0.619,0.45,0.588,0.239,0.303,0,0.21,0.366
0,0.191,0.102,0.035,0.035,0.05,0,0.0,0.069
0,0.501,0.222,0.241,0.052,0.033,0,0.05,0.175
0,0.095,0.255,0.156,0.058,0.132,0,0.06,0.116
0,0.443,0.145,0.033,0.081,0.042,0,0.04,0.124
0,0.851,0.528,0.802,0.477,0.447,0,0.59,0.517
1,0.507,0.596,0.619,0.57,0.586,0,0.39,0.48
0,0.389,0.387,0.305,0.138,0.497,0,0.12,0.286
0,0.344,0.157,0.057,0.037,0.03,0,0.11,0.104
0,0.428,0.305,0.287,0.077,0.156,0,0.09,0.209
0,0.617,0.363,0.395,0.116,0.306,0,0.06,0.299
0,0.787,0.806,0.86,0.765,0.873,0,0.87,0.682
0,0.635,0.175,0.085,0.057,0.062,0,0.18,0.169
0,0.25,0.144,0.185,0.034,0.074,0,0.05,0.115
0,0.363,0.1,0.068,0.027,0.032,0,0.04,0.098
0,0.394,0.203,0.194,0.064,0.089,0,0.07,0.157
0,0.43,0.156,0.062,0.03,0.026,0,0.05,0.117
0,0.474,0.472,0.385,0.229,0.653,0,0.32,0.369
0,0.154,0.048,0.026,0.012,0.006,0,0.0,0.041
1,0.538,0.492,0.369,0.13,0.161,0,0.18,0.282
0,0.61,0.357,0.216,0.147,0.207,0,0.23,0.256
0,0.587,0.243,0.119,0.053,0.07,0,0.14,0.179
0,0.572,0.683,0.7,0.337,0.567,0,0.34,0.476
1,0.756,0.911,0.939,0.82,0.987,0,0.69,0.735
1,0.508,0.471,0.625,0.42,0.477,0,0.29,0.416
0,0.785,0.176,0.072,0.025,0.099,0,0.06,0.193
1,0.701,0.903,0.964,0.97,0.995,0,0.93,0.756
0,0.123,0.188,0.052,0.048,0.036,0,0.06,0.074
0,0.636,0.31,0.391,0.105,0.212,0,0.15,0.276
1,0.187,0.205,0.128,0.093,0.034,0,0.06,0.108
0,0.343,0.113,0.043,0.02,0.041,0,0.0,0.093
1,0.111,0.114,0.054,0.028,0.024,0,0.0,0.055
0,0.395,0.08,0.069,0.022,0.016,0,0.02,0.097
0,0.258,0.061,0.015,0.014,0.007,0,0.12,0.059
0,0.091,0.06,0.115,0.054,0.021,0,0.01,0.057
0,0.127,0.042,0.036,0.013,0.017,0,0.0,0.039
0,0.597,0.457,0.621,0.194,0.262,0,0.13,0.355
0,0.664,0.165,0.09,0.026,0.036,0,0.01,0.164
0,0.586,0.423,0.235,0.082,0.199,0,0.14,0.254
0,0.156,0.154,0.014,0.009,0.023,0,0.09,0.059
0,0.433,0.205,0.098,0.086,0.076,0,0.04,0.15
0,0.135,0.079,0.029,0.017,0.025,0,0.0,0.047
0,0.178,0.057,0.036,0.025,0.013,0,0.0,0.052
0,0.416,0.254,0.084,0.052,0.072,0,0.05,0.146
0,0.53,0.318,0.218,0.119,0.188,0,0.04,0.229
0,0.617,0.742,0.831,0.547,0.725,0,0.53,0.577
0,0.296,0.229,0.162,0.092,0.029,0,0.03,0.135
0,0.424,0.24,0.144,0.039,0.17,0,0.07,0.17
0,0.125,0.132,0.079,0.066,0.04,0,0.03,0.074
0,0.23,0.149,0.052,0.059,0.055,0,0.03,0.091
0,0.12,0.165,0.079,0.036,0.07,0,0.05,0.078
0,0.458,0.297,0.247,0.054,0.108,0,0.1,0.194
1,0.235,0.493,0.804,0.306,0.779,0,0.47,0.436
0,0.195,0.118,0.101,0.026,0.116,0,0.04,0.093
0,0.435,0.277,0.296,0.075,0.409,0,0.03,0.249
0,0.482,0.252,0.26,0.059,0.114,0,0.02,0.195
0,0.394,0.491,0.731,0.233,0.363,0,0.43,0.369
0,0.571,0.729,0.858,0.681,0.856,0,0.68,0.616
1,0.843,0.921,0.955,0.78,0.79,0,0.77,0.715
0,0.542,0.336,0.28,0.135,0.239,0,0.13,0.255
0,0.247,0.091,0.028,0.039,0.013,0,0.08,0.07
0,0.67,0.258,0.248,0.095,0.39,0,0.12,0.277
0,0.19,0.058,0.021,0.013,0.009,0,0.0,0.049
0,0.641,0.608,0.581,0.239,0.457,0,0.54,0.421
0,0.381,0.252,0.128,0.094,0.12,0,0.08,0.163
0,0.544,0.197,0.127,0.054,0.082,0,0.12,0.167
0,0.363,0.068,0.033,0.016,0.014,0,0.03,0.082
0,0.376,0.129,0.103,0.026,0.145,0,0.01,0.13
0,0.611,0.187,0.085,0.029,0.146,0,0.03,0.176
0,0.597,0.144,0.068,0.053,0.025,0,0.02,0.148
0,0.589,0.246,0.196,0.046,0.254,0,0.06,0.222
0,0.327,0.441,0.663,0.359,0.552,0,0.29,0.39
0,0.272,0.086,0.057,0.027,0.054,0,0.03,0.083
1,0.329,0.35,0.141,0.145,0.076,0,0.02,0.173
0,0.207,0.181,0.148,0.103,0.343,0,0.06,0.164
0,0.178,0.168,0.397,0.141,0.188,0,0.11,0.179
0,0.273,0.169,0.078,0.063,0.177,0,0.08,0.127
0,0.159,0.055,0.015,0.017,0.008,0,0.0,0.042
0,0.587,0.306,0.249,0.181,0.264,0,0.12,0.265
1,0.695,0.27,0.071,0.074,0.134,0,0.08,0.207
0,0.36,0.096,0.05,0.02,0.015,0,0.0,0.09
1,0.367,0.404,0.246,0.181,0.32,0,0.23,0.253
1,0.491,0.615,0.593,0.199,0.436,0,0.11,0.389
0,0.33,0.147,0.067,0.05,0.014,0,0.04,0.101
1,0.526,0.884,0.988,0.963,0.936,0,0.81,0.716
0,0.83,0.198,0.097,0.075,0.153,0,0.11,0.225
0,0.245,0.073,0.034,0.029,0.013,0,0.05,0.066
0,0.207,0.31,0.38,0.136,0.241,0,0.12,0.212
0,0.428,0.176,0.313,0.094,0.194,0,0.02,0.201
1,0.534,0.259,0.046,0.029,0.022,0,0.11,0.148
0,0.444,0.208,0.159,0.055,0.083,0,0.07,0.158
0,0.503,0.59,0.81,0.555,0.779,0,0.63,0.539
0,0.219,0.068,0.025,0.021,0.017,0,0.02,0.058
0,0.114,0.042,0.031,0.013,0.009,0,0.0,0.035
0,0.475,0.219,0.055,0.03,0.05,0,0.09,0.138
0,0.313,0.509,0.571,0.274,0.733,0,0.25,0.4
0,0.114,0.097,0.098,0.069,0.029,0,0.0,0.068
0,0.335,0.286,0.286,0.064,0.152,0,0.12,0.187
0,0.362,0.286,0.245,0.113,0.401,0,0.23,0.234
1,0.764,0.912,0.938,0.899,0.984,0,0.89,0.75
1,0.529,0.564,0.605,0.476,0.625,0,0.27,0.467
0,0.166,0.226,0.094,0.051,0.106,0,0.18,0.107
0,0.676,0.315,0.331,0.123,0.291,0,0.05,0.289
0,0.234,0.049,0.04,0.013,0.005,0,0.0,0.057
0,0.211,0.11,0.02,0.016,0.008,0,0.12,0.061
1,0.274,0.264,0.319,0.296,0.041,0,0.14,0.199
0,0.211,0.085,0.04,0.023,0.009,0,0.0,0.061
0,0.302,0.229,0.137,0.11,0.117,0,0.06,0.149
0,0.51,0.332,0.216,0.181,0.249,0,0.12,0.248
1,0.507,0.286,0.244,0.102,0.08,0,0.09,0.203
0,0.168,0.109,0.055,0.025,0.026,0,0.0,0.064
0,0.497,0.15,0.054,0.042,0.035,0,0.1,0.13
0,0.15,0.05,0.021,0.018,0.005,0,0.0,0.041
0,0.398,0.318,0.267,0.144,0.264,0,0.11,0.232
0,0.696,0.7,0.811,0.569,0.82,0,0.68,0.599
0,0.325,0.162,0.169,0.053,0.181,0,0.18,0.148
0,0.211,0.185,0.124,0.041,0.083,0,0.12,0.107
1,0.234,0.085,0.049,0.035,0.031,0,0.02,0.072
0,0.371,0.46,0.569,0.32,0.579,0,0.22,0.383
0,0.405,0.363,0.158,0.074,0.438,0,0.09,0.24
0,0.617,0.344,0.251,0.198,0.529,0,0.11,0.323
0,0.37,0.171,0.067,0.048,0.015,0,0.02,0.112
0,0.733,0.551,0.379,0.255,0.298,0,0.12,0.369
0,0.317,0.251,0.363,0.096,0.253,0,0.16,0.213
0,0.525,0.201,0.128,0.049,0.153,0,0.13,0.176
0,0.187,0.055,0.012,0.013,0.005,0,0.01,0.045
1,0.695,0.714,0.944,0.811,0.91,0,0.73,0.679
1,0.735,0.477,0.305,0.219,0.318,0,0.16,0.342
0,0.452,0.352,0.116,0.062,0.252,0,0.08,0.206
1,0.712,0.792,0.874,0.812,0.926,0,0.76,0.686
0,0.466,0.335,0.23,0.158,0.274,0,0.08,0.244
0,0.238,0.106,0.069,0.022,0.028,0,0.0,0.077
0,0.219,0.132,0.08,0.04,0.006,0,0.07,0.08
0,0.195,0.397,0.367,0.152,0.561,0,0.1,0.279
0,0.385,0.247,0.104,0.105,0.181,0,0.14,0.17
0,0.65,0.51,0.259,0.158,0.424,0,0.41,0.334
0,0.29,0.138,0.093,0.024,0.061,0,0.0,0.101
1,0.887,0.955,0.99,0.982,0.998,0,1.0,0.802
0,0.295,0.114,0.055,0.042,0.012,0,0.01,0.086
0,0.334,0.249,0.199,0.096,0.316,0,0.04,0.199
0,0.304,0.151,0.078,0.038,0.132,0,0.07,0.117
1,0.622,0.723,0.556,0.252,0.574,0,0.37,0.454
0,0.77,0.719,0.647,0.785,0.655,0,0.5,0.596
0,0.539,0.415,0.507,0.174,0.369,0,0.56,0.334
0,0.369,0.419,0.221,0.263,0.377,0,0.29,0.275
0,0.222,0.203,0.134,0.079,0.259,0,0.15,0.149
0,0.638,0.504,0.657,0.295,0.688,0,0.25,0.464
0,0.232,0.095,0.036,0.043,0.014,0,0.01,0.07
0,0.778,0.666,0.795,0.605,0.787,0,0.51,0.605
0,0.444,0.41,0.461,0.193,0.663,0,0.28,0.362
0,0.393,0.145,0.104,0.023,0.198,0,0.03,0.144
0,0.732,0.5,0.532,0.233,0.655,0,0.17,0.442
0,0.306,0.084,0.058,0.035,0.053,0,0.04,0.09
0,0.298,0.086,0.058,0.027,0.018,0,0.02,0.081
1,0.585,0.727,0.827,0.621,0.694,0,0.49,0.576
0,0.705,0.622,0.627,0.436,0.798,0,0.43,0.531
0,0.606,0.273,0.083,0.087,0.299,0,0.08,0.225
1,0.842,0.913,0.938,0.843,0.909,0,0.88,0.741
0,0.754,0.826,0.913,0.782,0.986,0,0.51,0.71
0,0.285,0.269,0.074,0.062,0.181,0,0.05,0.145
0,0.494,0.469,0.654,0.211,0.219,0,0.26,0.341
0,0.16,0.049,0.044,0.013,0.012,0,0.01,0.046
0,0.29,0.205,0.144,0.079,0.208,0,0.05,0.154
0,0.465,0.265,0.32,0.242,0.096,0,0.15,0.231
0,0.341,0.119,0.049,0.017,0.088,0,0.01,0.102
1,0.44,0.276,0.221,0.154,0.136,0,0.07,0.204
0,0.555,0.549,0.715,0.484,0.558,0,0.44,0.477
0,0.377,0.281,0.258,0.108,0.309,0,0.19,0.222
0,0.238,0.208,0.08,0.054,0.064,0,0.15,0.107
1,0.757,0.799,0.88,0.689,0.944,0,0.79,0.678
0,0.17,0.207,0.132,0.063,0.045,0,0.06,0.103
1,0.819,0.692,0.946,0.844,0.699,0,0.61,0.667
0,0.344,0.1,0.045,0.021,0.057,0,0.0,0.094
0,0.139,0.133,0.095,0.034,0.032,0,0.03,0.072
0,0.462,0.311,0.186,0.084,0.478,0,0.13,0.254
0,0.349,0.099,0.058,0.042,0.021,0,0.0,0.095
0,0.247,0.17,0.186,0.084,0.137,0,0.09,0.137
0,0.343,0.178,0.086,0.043,0.015,0,0.04,0.111
0,0.704,0.746,0.769,0.616,0.738,0,0.68,0.595
0,0.674,0.622,0.75,0.312,0.505,0,0.45,0.477
0,0.608,0.444,0.452,0.12,0.393,0,0.03,0.336
0,0.322,0.081,0.033,0.013,0.008,0,0.0,0.076
0,0.799,0.75,0.867,0.652,0.845,0,0.76,0.652
0,0.218,0.18,0.038,0.025,0.054,0,0.09,0.086
0,0.114,0.05,0.013,0.014,0.001,0,0.18,0.032
0,0.523,0.281,0.167,0.059,0.275,0,0.08,0.217
1,0.495,0.388,0.339,0.191,0.167,0,0.11,0.263
0,0.233,0.193,0.06,0.023,0.093,0,0.14,0.1
1,0.897,0.891,0.964,0.91,0.985,0,0.9,0.775
0,0.384,0.232,0.246,0.072,0.201,0,0.08,0.189
0,0.226,0.203,0.148,0.116,0.192,0,0.12,0.147
0,0.478,0.449,0.562,0.206,0.422,0,0.39,0.353
0,0.36,0.156,0.025,0.023,0.047,0,0.02,0.102
0,0.276,0.286,0.289,0.146,0.287,0,0.27,0.214
0,0.598,0.338,0.107,0.121,0.186,0,0.08,0.225
0,0.38,0.314,0.189,0.056,0.108,0,0.08,0.174
1,0.711,0.724,0.967,0.76,0.878,0,0.74,0.673
0,0.575,0.338,0.167,0.082,0.119,0,0.08,0.213
0,0.162,0.29,0.544,0.046,0.291,0,0.09,0.222
0,0.498,0.27,0.19,0.091,0.06,0,0.03,0.185
1,0.379,0.405,0.309,0.234,0.284,0,0.42,0.268
0,0.954,0.232,0.063,0.202,0.18,0,0.12,0.272
0,0.439,0.134,0.19,0.088,0.034,0,0.1,0.148
0,0.403,0.129,0.092,0.038,0.076,0,0.0,0.123
0,0.189,0.069,0.028,0.026,0.011,0,0.01,0.054
0,0.094,0.067,0.118,0.063,0.01,0,0.03,0.059
0,0.16,0.064,0.018,0.017,0.012,0,0.0,0.045
0,0.362,0.194,0.068,0.046,0.081,0,0.0,0.125
0,0.371,0.419,0.65,0.3,0.685,0,0.16,0.404
0,0.176,0.058,0.018,0.014,0.01,0,0.01,0.046
0,0.111,0.052,0.013,0.013,0.006,0,0.01,0.033
0,0.248,0.406,0.46,0.169,0.439,0,0.17,0.287
0,0.336,0.235,0.5,0.121,0.232,0,0.12,0.237
0,0.519,0.356,0.262,0.128,0.167,0,0.07,0.239
1,0.728,0.784,0.821,0.523,0.89,0,0.68,0.624
0,0.219,0.145,0.117,0.042,0.108,0,0.01,0.105
0,0.478,0.116,0.037,0.026,0.116,0,0.05,0.129
0,0.137,0.083,0.039,0.023,0.028,0,0.0,0.052
0,0.363,0.19,0.235,0.072,0.085,0,0.14,0.157
0,0.58,0.272,0.071,0.075,0.196,0,0.06,0.199
0,0.572,0.49,0.633,0.34,0.465,0,0.4,0.417
0,0.855,0.269,0.111,0.165,0.229,0,0.04,0.272
1,0.194,0.399,0.589,0.241,0.483,0,0.2,0.318
0,0.591,0.339,0.369,0.226,0.185,0,0.16,0.285
0,0.791,0.399,0.551,0.395,0.271,0,0.19,0.401
0,0.319,0.134,0.052,0.038,0.027,0,0.0,0.095
0,0.209,0.099,0.053,0.021,0.019,0,0.05,0.067
0,0.34,0.696,0.837,0.714,0.892,0,0.69,0.58
0,0.259,0.179,0.043,0.059,0.028,0,0.12,0.095
0,0.213,0.095,0.094,0.082,0.195,0,0.08,0.113
1,0.398,0.32,0.217,0.081,0.284,0,0.17,0.217
0,0.245,0.111,0.017,0.026,0.013,0,0.03,0.069
0,0.549,0.561,0.471,0.252,0.594,0,0.47,0.404
1,0.34,0.247,0.147,0.102,0.117,0,0.23,0.159
0,0.403,0.285,0.094,0.088,0.173,0,0.19,0.174
0,0.644,0.459,0.426,0.188,0.471,0,0.27,0.364
0,0.176,0.139,0.075,0.041,0.045,0,0.03,0.079
1,0.52,0.236,0.081,0.056,0.093,0,0.1,0.164
0,0.514,0.226,0.058,0.054,0.062,0,0.14,0.152
1,0.57,0.59,0.779,0.32,0.709,0,0.3,0.495
0,0.191,0.152,0.094,0.036,0.157,0,0.04,0.105
1,0.853,0.929,0.943,0.863,0.956,0,0.95,0.758
0,0.323,0.237,0.464,0.09,0.16,0,0.11,0.212
1,0.484,0.225,0.14,0.088,0.068,0,0.03,0.167
0,0.636,0.547,0.529,0.317,0.326,0,0.44,0.393
0,0.205,0.2,0.04,0.045,0.039,0,0.18,0.088
0,0.142,0.264,0.327,0.082,0.027,0,0.1,0.14
0,0.337,0.228,0.152,0.039,0.131,0,0.12,0.148
0,0.46,0.26,0.176,0.098,0.35,0,0.19,0.224
1,0.372,0.345,0.178,0.206,0.285,0,0.1,0.231
0,0.352,0.178,0.035,0.038,0.026,0,0.03,0.105
1,0.15,0.148,0.09,0.082,0.058,0,0.17,0.088
1,0.697,0.912,0.987,0.966,0.992,0,1.0,0.759
0,0.463,0.298,0.353,0.04,0.19,0,0.25,0.224
0,0.494,0.171,0.089,0.031,0.057,0,0.07,0.14
0,0.365,0.095,0.018,0.02,0.015,0,0.02,0.085
1,0.318,0.468,0.671,0.25,0.826,0,0.37,0.422
1,0.561,0.721,0.865,0.682,0.879,0,0.63,0.618
0,0.576,0.239,0.355,0.094,0.405,0,0.1,0.278
0,0.274,0.154,0.025,0.026,0.03,0,0.07,0.085
0,0.22,0.133,0.044,0.039,0.021,0,0.0,0.076
0,0.362,0.084,0.022,0.028,0.01,0,0.03,0.084
0,0.793,0.666,0.785,0.725,0.813,0,0.56,0.63
0,0.186,0.118,0.077,0.048,0.147,0,0.03,0.096
0,0.526,0.405,0.322,0.089,0.169,0,0.09,0.252
0,0.68,0.377,0.299,0.243,0.165,0,0.14,0.294
0,0.294,0.1,0.035,0.024,0.114,0,0.03,0.094
0,0.789,0.216,0.088,0.043,0.071,0,0.0,0.201
0,0.482,0.385,0.269,0.139,0.494,0,0.39,0.295
0,0.831,0.227,0.334,0.092,0.085,0,0.15,0.261
0,0.581,0.224,0.1,0.057,0.15,0,0.03,0.186
0,0.466,0.295,0.141,0.095,0.141,0,0.43,0.19
0,0.259,0.217,0.153,0.058,0.095,0,0.0,0.13
0,0.643,0.34,0.269,0.151,0.421,0,0.09,0.304
0,0.44,0.243,0.139,0.076,0.142,0,0.03,0.173
0,0.202,0.058,0.053,0.02,0.021,0,0.0,0.059
0,0.351,0.157,0.075,0.058,0.04,0,0.08,0.113
0,0.128,0.043,0.026,0.022,0.021,0,0.0,0.04
0,0.288,0.069,0.027,0.029,0.018,0,0.03,0.072
0,0.784,0.669,0.823,0.419,0.641,0,0.72,0.556
0,0.446,0.198,0.065,0.052,0.083,0,0.11,0.141
0,0.356,0.088,0.041,0.015,0.046,0,0.0,0.091
0,0.331,0.225,0.188,0.065,0.047,0,0.01,0.143
0,0.719,0.779,0.911,0.779,0.903,0,0.72,0.682
0,0.232,0.111,0.098,0.024,0.055,0,0.0,0.087
0,0.349,0.239,0.299,0.123,0.279,0,0.13,0.215
0,0.469,0.307,0.159,0.054,0.289,0,0.25,0.213
0,0.417,0.365,0.18,0.185,0.247,0,0.15,0.232
0,0.498,0.573,0.711,0.498,0.603,0,0.61,0.48
0,0.136,0.068,0.026,0.015,0.004,0,0.01,0.042
0,0.437,0.103,0.047,0.031,0.076,0,0.0,0.116
1,0.383,0.741,0.92,0.754,0.886,0,0.75,0.614
0,0.354,0.161,0.134,0.055,0.046,0,0.01,0.125
0,0.286,0.184,0.107,0.061,0.228,0,0.08,0.144
1,0.577,0.728,0.687,0.354,0.778,0,0.34,0.521
1,0.959,0.774,0.985,0.789,0.96,0,0.75,0.744
0,0.064,0.046,0.011,0.01,0.008,0,0.01,0.023
0,0.882,0.446,0.323,0.123,0.286,0,0.16,0.343
0,0.63,0.486,0.371,0.276,0.585,0,0.21,0.391
0,0.568,0.555,0.426,0.17,0.331,0,0.21,0.342
0,0.304,0.231,0.124,0.085,0.128,0,0.06,0.145
0,0.434,0.155,0.063,0.031,0.032,0,0.03,0.119
0,0.353,0.266,0.068,0.057,0.081,0,0.07,0.138
0,0.108,0.055,0.025,0.013,0.018,0,0.0,0.036
0,0.855,0.805,0.9,0.494,0.95,0,0.82,0.667
0,0.335,0.105,0.079,0.04,0.013,0,0.11,0.095
0,0.238,0.27,0.177,0.115,0.109,0,0.05,0.151
0,0.297,0.416,0.542,0.213,0.429,0,0.11,0.316
1,0.284,0.758,0.942,0.762,0.949,0,0.71,0.616
0,0.272,0.302,0.309,0.073,0.073,0,0.05,0.172
0,0.156,0.074,0.019,0.012,0.007,0,0.01,0.045
0,0.281,0.343,0.55,0.35,0.695,0,0.18,0.37
0,0.376,0.251,0.184,0.051,0.132,0,0.04,0.166
0,0.418,0.387,0.406,0.346,0.469,0,0.12,0.338
1,0.495,0.655,0.863,0.526,0.897,0,0.54,0.573
0,0.241,0.095,0.022,0.025,0.003,0,0.04,0.064
1,0.662,0.647,0.592,0.235,0.454,0,0.67,0.432
0,0.265,0.408,0.296,0.261,0.449,0,0.15,0.28
0,0.102,0.046,0.009,0.02,0.004,0,0.08,0.03
0,0.121,0.121,0.034,0.026,0.035,0,0.01,0.056
1,0.685,0.628,0.653,0.306,0.594,0,0.48,0.477
0,0.377,0.123,0.14,0.036,0.094,0,0.0,0.129
1,0.437,0.507,0.631,0.279,0.563,0,0.24,0.403
0,0.59,0.511,0.447,0.264,0.277,0,0.37,0.348
0,0.887,0.171,0.012,0.038,0.011,0,0.14,0.187
0,0.83,0.806,0.877,0.607,0.858,0,0.77,0.663
0,0.336,0.254,0.477,0.128,0.436,0,0.16,0.272
0,0.398,0.425,0.526,0.278,0.558,0,0.23,0.364
0,0.586,0.43,0.253,0.145,0.279,0,0.16,0.282
0,0.31,0.214,0.063,0.07,0.174,0,0.05,0.138
0,0.474,0.512,0.231,0.156,0.226,0,0.44,0.267
1,0.752,0.802,0.912,0.741,0.858,0,0.66,0.677
0,0.397,0.351,0.502,0.228,0.382,0,0.28,0.31
0,0.402,0.161,0.054,0.049,0.027,0,0.08,0.116
0,0.415,0.44,0.417,0.352,0.433,0,0.13,0.343
0,0.254,0.076,0.016,0.021,0.004,0,0.02,0.062
0,0.559,0.345,0.49,0.116,0.361,0,0.05,0.312
0,0.084,0.214,0.057,0.068,0.043,0,0.09,0.078
0,0.333,0.246,0.076,0.098,0.097,0,0.05,0.142
1,0.706,0.724,0.673,0.514,0.581,0,0.39,0.533
0,0.455,0.32,0.472,0.078,0.303,0,0.13,0.271
1,0.443,0.392,0.487,0.28,0.387,0,0.15,0.331
0,0.543,0.484,0.413,0.216,0.546,0,0.4,0.367
0,0.206,0.083,0.045,0.026,0.079,0,0.0,0.073
1,0.847,0.917,0.899,0.788,0.921,0,0.81,0.729
0,0.344,0.089,0.13,0.031,0.025,0,0.01,0.103
0,0.178,0.144,0.145,0.029,0.03,0,0.07,0.088
0,0.292,0.19,0.106,0.056,0.068,0,0.14,0.119
0,0.317,0.123,0.087,0.026,0.106,0,0.02,0.11
